model,discrete_algorithm,continuous_algorithm,particles,data_size,repetition,parameter,step,value
GMM,PG,MH,5,10,1,w[1],1,0.004506561754671655
GMM,PG,MH,5,10,1,w[2],1,0.9954934382453283
GMM,PG,MH,5,10,1,z[1],1,2.0
GMM,PG,MH,5,10,1,z[2],1,2.0
GMM,PG,MH,5,10,1,z[3],1,2.0
GMM,PG,MH,5,10,1,z[4],1,2.0
GMM,PG,MH,5,10,1,z[5],1,2.0
GMM,PG,MH,5,10,1,z[6],1,2.0
GMM,PG,MH,5,10,1,z[7],1,2.0
GMM,PG,MH,5,10,1,z[8],1,2.0
GMM,PG,MH,5,10,1,z[9],1,2.0
GMM,PG,MH,5,10,1,z[10],1,2.0
GMM,PG,MH,5,10,1,μ[1],1,-3.827672731983243
GMM,PG,MH,5,10,1,μ[2],1,2.134660591260033
GMM,PG,MH,5,10,1,w[1],2,0.004506561754671655
GMM,PG,MH,5,10,1,w[2],2,0.9954934382453283
GMM,PG,MH,5,10,1,z[1],2,2.0
GMM,PG,MH,5,10,1,z[2],2,2.0
GMM,PG,MH,5,10,1,z[3],2,2.0
GMM,PG,MH,5,10,1,z[4],2,2.0
GMM,PG,MH,5,10,1,z[5],2,2.0
GMM,PG,MH,5,10,1,z[6],2,2.0
GMM,PG,MH,5,10,1,z[7],2,2.0
GMM,PG,MH,5,10,1,z[8],2,2.0
GMM,PG,MH,5,10,1,z[9],2,2.0
GMM,PG,MH,5,10,1,z[10],2,2.0
GMM,PG,MH,5,10,1,μ[1],2,-3.827672731983243
GMM,PG,MH,5,10,1,μ[2],2,2.134660591260033
GMM,PG,MH,5,10,1,w[1],3,0.0825767733658889
GMM,PG,MH,5,10,1,w[2],3,0.9174232266341112
GMM,PG,MH,5,10,1,z[1],3,2.0
GMM,PG,MH,5,10,1,z[2],3,2.0
GMM,PG,MH,5,10,1,z[3],3,2.0
GMM,PG,MH,5,10,1,z[4],3,2.0
GMM,PG,MH,5,10,1,z[5],3,2.0
GMM,PG,MH,5,10,1,z[6],3,2.0
GMM,PG,MH,5,10,1,z[7],3,2.0
GMM,PG,MH,5,10,1,z[8],3,2.0
GMM,PG,MH,5,10,1,z[9],3,2.0
GMM,PG,MH,5,10,1,z[10],3,2.0
GMM,PG,MH,5,10,1,μ[1],3,-2.5771208565071895
GMM,PG,MH,5,10,1,μ[2],3,-1.6418547085144448
GMM,PG,MH,5,10,1,w[1],4,0.0825767733658889
GMM,PG,MH,5,10,1,w[2],4,0.9174232266341112
GMM,PG,MH,5,10,1,z[1],4,2.0
GMM,PG,MH,5,10,1,z[2],4,1.0
GMM,PG,MH,5,10,1,z[3],4,2.0
GMM,PG,MH,5,10,1,z[4],4,2.0
GMM,PG,MH,5,10,1,z[5],4,2.0
GMM,PG,MH,5,10,1,z[6],4,1.0
GMM,PG,MH,5,10,1,z[7],4,2.0
GMM,PG,MH,5,10,1,z[8],4,1.0
GMM,PG,MH,5,10,1,z[9],4,1.0
GMM,PG,MH,5,10,1,z[10],4,1.0
GMM,PG,MH,5,10,1,μ[1],4,-2.5771208565071895
GMM,PG,MH,5,10,1,μ[2],4,-1.6418547085144448
GMM,PG,MH,5,10,1,w[1],5,0.0825767733658889
GMM,PG,MH,5,10,1,w[2],5,0.9174232266341112
GMM,PG,MH,5,10,1,z[1],5,1.0
GMM,PG,MH,5,10,1,z[2],5,1.0
GMM,PG,MH,5,10,1,z[3],5,2.0
GMM,PG,MH,5,10,1,z[4],5,1.0
GMM,PG,MH,5,10,1,z[5],5,2.0
GMM,PG,MH,5,10,1,z[6],5,2.0
GMM,PG,MH,5,10,1,z[7],5,2.0
GMM,PG,MH,5,10,1,z[8],5,2.0
GMM,PG,MH,5,10,1,z[9],5,1.0
GMM,PG,MH,5,10,1,z[10],5,2.0
GMM,PG,MH,5,10,1,μ[1],5,-2.5771208565071895
GMM,PG,MH,5,10,1,μ[2],5,-1.6418547085144448
GMM,PG,MH,5,10,1,w[1],6,0.0825767733658889
GMM,PG,MH,5,10,1,w[2],6,0.9174232266341112
GMM,PG,MH,5,10,1,z[1],6,1.0
GMM,PG,MH,5,10,1,z[2],6,2.0
GMM,PG,MH,5,10,1,z[3],6,1.0
GMM,PG,MH,5,10,1,z[4],6,2.0
GMM,PG,MH,5,10,1,z[5],6,1.0
GMM,PG,MH,5,10,1,z[6],6,2.0
GMM,PG,MH,5,10,1,z[7],6,2.0
GMM,PG,MH,5,10,1,z[8],6,2.0
GMM,PG,MH,5,10,1,z[9],6,2.0
GMM,PG,MH,5,10,1,z[10],6,2.0
GMM,PG,MH,5,10,1,μ[1],6,-2.5771208565071895
GMM,PG,MH,5,10,1,μ[2],6,-1.6418547085144448
GMM,PG,MH,5,10,1,w[1],7,0.0825767733658889
GMM,PG,MH,5,10,1,w[2],7,0.9174232266341112
GMM,PG,MH,5,10,1,z[1],7,2.0
GMM,PG,MH,5,10,1,z[2],7,2.0
GMM,PG,MH,5,10,1,z[3],7,2.0
GMM,PG,MH,5,10,1,z[4],7,2.0
GMM,PG,MH,5,10,1,z[5],7,2.0
GMM,PG,MH,5,10,1,z[6],7,2.0
GMM,PG,MH,5,10,1,z[7],7,1.0
GMM,PG,MH,5,10,1,z[8],7,2.0
GMM,PG,MH,5,10,1,z[9],7,1.0
GMM,PG,MH,5,10,1,z[10],7,1.0
GMM,PG,MH,5,10,1,μ[1],7,-2.5771208565071895
GMM,PG,MH,5,10,1,μ[2],7,-1.6418547085144448
GMM,PG,MH,5,10,1,w[1],8,0.0825767733658889
GMM,PG,MH,5,10,1,w[2],8,0.9174232266341112
GMM,PG,MH,5,10,1,z[1],8,2.0
GMM,PG,MH,5,10,1,z[2],8,2.0
GMM,PG,MH,5,10,1,z[3],8,2.0
GMM,PG,MH,5,10,1,z[4],8,2.0
GMM,PG,MH,5,10,1,z[5],8,2.0
GMM,PG,MH,5,10,1,z[6],8,2.0
GMM,PG,MH,5,10,1,z[7],8,2.0
GMM,PG,MH,5,10,1,z[8],8,2.0
GMM,PG,MH,5,10,1,z[9],8,1.0
GMM,PG,MH,5,10,1,z[10],8,1.0
GMM,PG,MH,5,10,1,μ[1],8,-2.5771208565071895
GMM,PG,MH,5,10,1,μ[2],8,-1.6418547085144448
GMM,PG,MH,5,10,1,w[1],9,0.0825767733658889
GMM,PG,MH,5,10,1,w[2],9,0.9174232266341112
GMM,PG,MH,5,10,1,z[1],9,2.0
GMM,PG,MH,5,10,1,z[2],9,2.0
GMM,PG,MH,5,10,1,z[3],9,1.0
GMM,PG,MH,5,10,1,z[4],9,2.0
GMM,PG,MH,5,10,1,z[5],9,2.0
GMM,PG,MH,5,10,1,z[6],9,2.0
GMM,PG,MH,5,10,1,z[7],9,1.0
GMM,PG,MH,5,10,1,z[8],9,2.0
GMM,PG,MH,5,10,1,z[9],9,1.0
GMM,PG,MH,5,10,1,z[10],9,1.0
GMM,PG,MH,5,10,1,μ[1],9,-2.5771208565071895
GMM,PG,MH,5,10,1,μ[2],9,-1.6418547085144448
GMM,PG,MH,5,10,1,w[1],10,0.0825767733658889
GMM,PG,MH,5,10,1,w[2],10,0.9174232266341112
GMM,PG,MH,5,10,1,z[1],10,1.0
GMM,PG,MH,5,10,1,z[2],10,2.0
GMM,PG,MH,5,10,1,z[3],10,2.0
GMM,PG,MH,5,10,1,z[4],10,2.0
GMM,PG,MH,5,10,1,z[5],10,2.0
GMM,PG,MH,5,10,1,z[6],10,2.0
GMM,PG,MH,5,10,1,z[7],10,2.0
GMM,PG,MH,5,10,1,z[8],10,2.0
GMM,PG,MH,5,10,1,z[9],10,2.0
GMM,PG,MH,5,10,1,z[10],10,1.0
GMM,PG,MH,5,10,1,μ[1],10,-2.5771208565071895
GMM,PG,MH,5,10,1,μ[2],10,-1.6418547085144448
GMM,PG,MH,5,10,2,w[1],1,0.43120209525132214
GMM,PG,MH,5,10,2,w[2],1,0.5687979047486779
GMM,PG,MH,5,10,2,z[1],1,1.0
GMM,PG,MH,5,10,2,z[2],1,2.0
GMM,PG,MH,5,10,2,z[3],1,2.0
GMM,PG,MH,5,10,2,z[4],1,1.0
GMM,PG,MH,5,10,2,z[5],1,2.0
GMM,PG,MH,5,10,2,z[6],1,1.0
GMM,PG,MH,5,10,2,z[7],1,1.0
GMM,PG,MH,5,10,2,z[8],1,1.0
GMM,PG,MH,5,10,2,z[9],1,1.0
GMM,PG,MH,5,10,2,z[10],1,1.0
GMM,PG,MH,5,10,2,μ[1],1,-8.745551182743153
GMM,PG,MH,5,10,2,μ[2],1,1.141523690581188
GMM,PG,MH,5,10,2,w[1],2,0.43120209525132214
GMM,PG,MH,5,10,2,w[2],2,0.5687979047486779
GMM,PG,MH,5,10,2,z[1],2,1.0
GMM,PG,MH,5,10,2,z[2],2,1.0
GMM,PG,MH,5,10,2,z[3],2,1.0
GMM,PG,MH,5,10,2,z[4],2,1.0
GMM,PG,MH,5,10,2,z[5],2,1.0
GMM,PG,MH,5,10,2,z[6],2,1.0
GMM,PG,MH,5,10,2,z[7],2,1.0
GMM,PG,MH,5,10,2,z[8],2,1.0
GMM,PG,MH,5,10,2,z[9],2,2.0
GMM,PG,MH,5,10,2,z[10],2,2.0
GMM,PG,MH,5,10,2,μ[1],2,-8.745551182743153
GMM,PG,MH,5,10,2,μ[2],2,1.141523690581188
GMM,PG,MH,5,10,2,w[1],3,0.43120209525132214
GMM,PG,MH,5,10,2,w[2],3,0.5687979047486779
GMM,PG,MH,5,10,2,z[1],3,1.0
GMM,PG,MH,5,10,2,z[2],3,1.0
GMM,PG,MH,5,10,2,z[3],3,1.0
GMM,PG,MH,5,10,2,z[4],3,1.0
GMM,PG,MH,5,10,2,z[5],3,2.0
GMM,PG,MH,5,10,2,z[6],3,2.0
GMM,PG,MH,5,10,2,z[7],3,1.0
GMM,PG,MH,5,10,2,z[8],3,1.0
GMM,PG,MH,5,10,2,z[9],3,1.0
GMM,PG,MH,5,10,2,z[10],3,1.0
GMM,PG,MH,5,10,2,μ[1],3,-8.745551182743153
GMM,PG,MH,5,10,2,μ[2],3,1.141523690581188
GMM,PG,MH,5,10,2,w[1],4,0.43120209525132214
GMM,PG,MH,5,10,2,w[2],4,0.5687979047486779
GMM,PG,MH,5,10,2,z[1],4,1.0
GMM,PG,MH,5,10,2,z[2],4,1.0
GMM,PG,MH,5,10,2,z[3],4,1.0
GMM,PG,MH,5,10,2,z[4],4,1.0
GMM,PG,MH,5,10,2,z[5],4,2.0
GMM,PG,MH,5,10,2,z[6],4,2.0
GMM,PG,MH,5,10,2,z[7],4,1.0
GMM,PG,MH,5,10,2,z[8],4,1.0
GMM,PG,MH,5,10,2,z[9],4,1.0
GMM,PG,MH,5,10,2,z[10],4,1.0
GMM,PG,MH,5,10,2,μ[1],4,-8.745551182743153
GMM,PG,MH,5,10,2,μ[2],4,1.141523690581188
GMM,PG,MH,5,10,2,w[1],5,0.43120209525132214
GMM,PG,MH,5,10,2,w[2],5,0.5687979047486779
GMM,PG,MH,5,10,2,z[1],5,1.0
GMM,PG,MH,5,10,2,z[2],5,1.0
GMM,PG,MH,5,10,2,z[3],5,1.0
GMM,PG,MH,5,10,2,z[4],5,1.0
GMM,PG,MH,5,10,2,z[5],5,1.0
GMM,PG,MH,5,10,2,z[6],5,2.0
GMM,PG,MH,5,10,2,z[7],5,1.0
GMM,PG,MH,5,10,2,z[8],5,1.0
GMM,PG,MH,5,10,2,z[9],5,1.0
GMM,PG,MH,5,10,2,z[10],5,1.0
GMM,PG,MH,5,10,2,μ[1],5,-8.745551182743153
GMM,PG,MH,5,10,2,μ[2],5,1.141523690581188
GMM,PG,MH,5,10,2,w[1],6,0.43120209525132214
GMM,PG,MH,5,10,2,w[2],6,0.5687979047486779
GMM,PG,MH,5,10,2,z[1],6,1.0
GMM,PG,MH,5,10,2,z[2],6,1.0
GMM,PG,MH,5,10,2,z[3],6,1.0
GMM,PG,MH,5,10,2,z[4],6,1.0
GMM,PG,MH,5,10,2,z[5],6,2.0
GMM,PG,MH,5,10,2,z[6],6,2.0
GMM,PG,MH,5,10,2,z[7],6,1.0
GMM,PG,MH,5,10,2,z[8],6,1.0
GMM,PG,MH,5,10,2,z[9],6,1.0
GMM,PG,MH,5,10,2,z[10],6,1.0
GMM,PG,MH,5,10,2,μ[1],6,-8.745551182743153
GMM,PG,MH,5,10,2,μ[2],6,1.141523690581188
GMM,PG,MH,5,10,2,w[1],7,0.43120209525132214
GMM,PG,MH,5,10,2,w[2],7,0.5687979047486779
GMM,PG,MH,5,10,2,z[1],7,1.0
GMM,PG,MH,5,10,2,z[2],7,1.0
GMM,PG,MH,5,10,2,z[3],7,1.0
GMM,PG,MH,5,10,2,z[4],7,1.0
GMM,PG,MH,5,10,2,z[5],7,1.0
GMM,PG,MH,5,10,2,z[6],7,1.0
GMM,PG,MH,5,10,2,z[7],7,1.0
GMM,PG,MH,5,10,2,z[8],7,2.0
GMM,PG,MH,5,10,2,z[9],7,1.0
GMM,PG,MH,5,10,2,z[10],7,1.0
GMM,PG,MH,5,10,2,μ[1],7,-8.745551182743153
GMM,PG,MH,5,10,2,μ[2],7,1.141523690581188
GMM,PG,MH,5,10,2,w[1],8,0.43120209525132214
GMM,PG,MH,5,10,2,w[2],8,0.5687979047486779
GMM,PG,MH,5,10,2,z[1],8,1.0
GMM,PG,MH,5,10,2,z[2],8,1.0
GMM,PG,MH,5,10,2,z[3],8,2.0
GMM,PG,MH,5,10,2,z[4],8,1.0
GMM,PG,MH,5,10,2,z[5],8,1.0
GMM,PG,MH,5,10,2,z[6],8,1.0
GMM,PG,MH,5,10,2,z[7],8,1.0
GMM,PG,MH,5,10,2,z[8],8,1.0
GMM,PG,MH,5,10,2,z[9],8,1.0
GMM,PG,MH,5,10,2,z[10],8,1.0
GMM,PG,MH,5,10,2,μ[1],8,-8.745551182743153
GMM,PG,MH,5,10,2,μ[2],8,1.141523690581188
GMM,PG,MH,5,10,2,w[1],9,0.43120209525132214
GMM,PG,MH,5,10,2,w[2],9,0.5687979047486779
GMM,PG,MH,5,10,2,z[1],9,1.0
GMM,PG,MH,5,10,2,z[2],9,1.0
GMM,PG,MH,5,10,2,z[3],9,1.0
GMM,PG,MH,5,10,2,z[4],9,1.0
GMM,PG,MH,5,10,2,z[5],9,2.0
GMM,PG,MH,5,10,2,z[6],9,1.0
GMM,PG,MH,5,10,2,z[7],9,1.0
GMM,PG,MH,5,10,2,z[8],9,1.0
GMM,PG,MH,5,10,2,z[9],9,2.0
GMM,PG,MH,5,10,2,z[10],9,1.0
GMM,PG,MH,5,10,2,μ[1],9,-8.745551182743153
GMM,PG,MH,5,10,2,μ[2],9,1.141523690581188
GMM,PG,MH,5,10,2,w[1],10,0.43120209525132214
GMM,PG,MH,5,10,2,w[2],10,0.5687979047486779
GMM,PG,MH,5,10,2,z[1],10,1.0
GMM,PG,MH,5,10,2,z[2],10,1.0
GMM,PG,MH,5,10,2,z[3],10,1.0
GMM,PG,MH,5,10,2,z[4],10,1.0
GMM,PG,MH,5,10,2,z[5],10,2.0
GMM,PG,MH,5,10,2,z[6],10,1.0
GMM,PG,MH,5,10,2,z[7],10,1.0
GMM,PG,MH,5,10,2,z[8],10,2.0
GMM,PG,MH,5,10,2,z[9],10,1.0
GMM,PG,MH,5,10,2,z[10],10,1.0
GMM,PG,MH,5,10,2,μ[1],10,-8.745551182743153
GMM,PG,MH,5,10,2,μ[2],10,1.141523690581188
GMM,PG,MH,5,10,3,w[1],1,0.9188615969710185
GMM,PG,MH,5,10,3,w[2],1,0.08113840302898145
GMM,PG,MH,5,10,3,z[1],1,2.0
GMM,PG,MH,5,10,3,z[2],1,2.0
GMM,PG,MH,5,10,3,z[3],1,2.0
GMM,PG,MH,5,10,3,z[4],1,2.0
GMM,PG,MH,5,10,3,z[5],1,2.0
GMM,PG,MH,5,10,3,z[6],1,2.0
GMM,PG,MH,5,10,3,z[7],1,2.0
GMM,PG,MH,5,10,3,z[8],1,2.0
GMM,PG,MH,5,10,3,z[9],1,2.0
GMM,PG,MH,5,10,3,z[10],1,2.0
GMM,PG,MH,5,10,3,μ[1],1,-3.1854320718090943
GMM,PG,MH,5,10,3,μ[2],1,-4.752065541037658
GMM,PG,MH,5,10,3,w[1],2,0.9188615969710185
GMM,PG,MH,5,10,3,w[2],2,0.08113840302898145
GMM,PG,MH,5,10,3,z[1],2,1.0
GMM,PG,MH,5,10,3,z[2],2,1.0
GMM,PG,MH,5,10,3,z[3],2,1.0
GMM,PG,MH,5,10,3,z[4],2,1.0
GMM,PG,MH,5,10,3,z[5],2,1.0
GMM,PG,MH,5,10,3,z[6],2,2.0
GMM,PG,MH,5,10,3,z[7],2,1.0
GMM,PG,MH,5,10,3,z[8],2,1.0
GMM,PG,MH,5,10,3,z[9],2,1.0
GMM,PG,MH,5,10,3,z[10],2,1.0
GMM,PG,MH,5,10,3,μ[1],2,-3.1854320718090943
GMM,PG,MH,5,10,3,μ[2],2,-4.752065541037658
GMM,PG,MH,5,10,3,w[1],3,0.9188615969710185
GMM,PG,MH,5,10,3,w[2],3,0.08113840302898145
GMM,PG,MH,5,10,3,z[1],3,1.0
GMM,PG,MH,5,10,3,z[2],3,1.0
GMM,PG,MH,5,10,3,z[3],3,1.0
GMM,PG,MH,5,10,3,z[4],3,1.0
GMM,PG,MH,5,10,3,z[5],3,2.0
GMM,PG,MH,5,10,3,z[6],3,1.0
GMM,PG,MH,5,10,3,z[7],3,2.0
GMM,PG,MH,5,10,3,z[8],3,2.0
GMM,PG,MH,5,10,3,z[9],3,2.0
GMM,PG,MH,5,10,3,z[10],3,1.0
GMM,PG,MH,5,10,3,μ[1],3,-3.1854320718090943
GMM,PG,MH,5,10,3,μ[2],3,-4.752065541037658
GMM,PG,MH,5,10,3,w[1],4,0.9188615969710185
GMM,PG,MH,5,10,3,w[2],4,0.08113840302898145
GMM,PG,MH,5,10,3,z[1],4,1.0
GMM,PG,MH,5,10,3,z[2],4,1.0
GMM,PG,MH,5,10,3,z[3],4,2.0
GMM,PG,MH,5,10,3,z[4],4,1.0
GMM,PG,MH,5,10,3,z[5],4,1.0
GMM,PG,MH,5,10,3,z[6],4,1.0
GMM,PG,MH,5,10,3,z[7],4,1.0
GMM,PG,MH,5,10,3,z[8],4,2.0
GMM,PG,MH,5,10,3,z[9],4,1.0
GMM,PG,MH,5,10,3,z[10],4,1.0
GMM,PG,MH,5,10,3,μ[1],4,-3.1854320718090943
GMM,PG,MH,5,10,3,μ[2],4,-4.752065541037658
GMM,PG,MH,5,10,3,w[1],5,0.9188615969710185
GMM,PG,MH,5,10,3,w[2],5,0.08113840302898145
GMM,PG,MH,5,10,3,z[1],5,1.0
GMM,PG,MH,5,10,3,z[2],5,2.0
GMM,PG,MH,5,10,3,z[3],5,2.0
GMM,PG,MH,5,10,3,z[4],5,1.0
GMM,PG,MH,5,10,3,z[5],5,1.0
GMM,PG,MH,5,10,3,z[6],5,1.0
GMM,PG,MH,5,10,3,z[7],5,1.0
GMM,PG,MH,5,10,3,z[8],5,1.0
GMM,PG,MH,5,10,3,z[9],5,1.0
GMM,PG,MH,5,10,3,z[10],5,1.0
GMM,PG,MH,5,10,3,μ[1],5,-3.1854320718090943
GMM,PG,MH,5,10,3,μ[2],5,-4.752065541037658
GMM,PG,MH,5,10,3,w[1],6,0.9188615969710185
GMM,PG,MH,5,10,3,w[2],6,0.08113840302898145
GMM,PG,MH,5,10,3,z[1],6,1.0
GMM,PG,MH,5,10,3,z[2],6,1.0
GMM,PG,MH,5,10,3,z[3],6,1.0
GMM,PG,MH,5,10,3,z[4],6,1.0
GMM,PG,MH,5,10,3,z[5],6,2.0
GMM,PG,MH,5,10,3,z[6],6,1.0
GMM,PG,MH,5,10,3,z[7],6,2.0
GMM,PG,MH,5,10,3,z[8],6,1.0
GMM,PG,MH,5,10,3,z[9],6,1.0
GMM,PG,MH,5,10,3,z[10],6,1.0
GMM,PG,MH,5,10,3,μ[1],6,-3.1854320718090943
GMM,PG,MH,5,10,3,μ[2],6,-4.752065541037658
GMM,PG,MH,5,10,3,w[1],7,0.9188615969710185
GMM,PG,MH,5,10,3,w[2],7,0.08113840302898145
GMM,PG,MH,5,10,3,z[1],7,1.0
GMM,PG,MH,5,10,3,z[2],7,1.0
GMM,PG,MH,5,10,3,z[3],7,1.0
GMM,PG,MH,5,10,3,z[4],7,1.0
GMM,PG,MH,5,10,3,z[5],7,1.0
GMM,PG,MH,5,10,3,z[6],7,1.0
GMM,PG,MH,5,10,3,z[7],7,1.0
GMM,PG,MH,5,10,3,z[8],7,1.0
GMM,PG,MH,5,10,3,z[9],7,1.0
GMM,PG,MH,5,10,3,z[10],7,1.0
GMM,PG,MH,5,10,3,μ[1],7,-3.1854320718090943
GMM,PG,MH,5,10,3,μ[2],7,-4.752065541037658
GMM,PG,MH,5,10,3,w[1],8,0.7942531134912133
GMM,PG,MH,5,10,3,w[2],8,0.20574688650878667
GMM,PG,MH,5,10,3,z[1],8,1.0
GMM,PG,MH,5,10,3,z[2],8,2.0
GMM,PG,MH,5,10,3,z[3],8,1.0
GMM,PG,MH,5,10,3,z[4],8,1.0
GMM,PG,MH,5,10,3,z[5],8,1.0
GMM,PG,MH,5,10,3,z[6],8,1.0
GMM,PG,MH,5,10,3,z[7],8,2.0
GMM,PG,MH,5,10,3,z[8],8,1.0
GMM,PG,MH,5,10,3,z[9],8,1.0
GMM,PG,MH,5,10,3,z[10],8,1.0
GMM,PG,MH,5,10,3,μ[1],8,-3.7407947413518814
GMM,PG,MH,5,10,3,μ[2],8,-5.8635623019157705
GMM,PG,MH,5,10,3,w[1],9,0.7942531134912133
GMM,PG,MH,5,10,3,w[2],9,0.20574688650878667
GMM,PG,MH,5,10,3,z[1],9,1.0
GMM,PG,MH,5,10,3,z[2],9,1.0
GMM,PG,MH,5,10,3,z[3],9,2.0
GMM,PG,MH,5,10,3,z[4],9,1.0
GMM,PG,MH,5,10,3,z[5],9,1.0
GMM,PG,MH,5,10,3,z[6],9,2.0
GMM,PG,MH,5,10,3,z[7],9,2.0
GMM,PG,MH,5,10,3,z[8],9,2.0
GMM,PG,MH,5,10,3,z[9],9,2.0
GMM,PG,MH,5,10,3,z[10],9,1.0
GMM,PG,MH,5,10,3,μ[1],9,-3.7407947413518814
GMM,PG,MH,5,10,3,μ[2],9,-5.8635623019157705
GMM,PG,MH,5,10,3,w[1],10,0.7942531134912133
GMM,PG,MH,5,10,3,w[2],10,0.20574688650878667
GMM,PG,MH,5,10,3,z[1],10,1.0
GMM,PG,MH,5,10,3,z[2],10,1.0
GMM,PG,MH,5,10,3,z[3],10,2.0
GMM,PG,MH,5,10,3,z[4],10,1.0
GMM,PG,MH,5,10,3,z[5],10,1.0
GMM,PG,MH,5,10,3,z[6],10,1.0
GMM,PG,MH,5,10,3,z[7],10,2.0
GMM,PG,MH,5,10,3,z[8],10,2.0
GMM,PG,MH,5,10,3,z[9],10,2.0
GMM,PG,MH,5,10,3,z[10],10,2.0
GMM,PG,MH,5,10,3,μ[1],10,-3.7407947413518814
GMM,PG,MH,5,10,3,μ[2],10,-5.8635623019157705
GMM,PG,MH,5,10,4,w[1],1,0.9988499160602673
GMM,PG,MH,5,10,4,w[2],1,0.0011500839397327557
GMM,PG,MH,5,10,4,z[1],1,1.0
GMM,PG,MH,5,10,4,z[2],1,1.0
GMM,PG,MH,5,10,4,z[3],1,1.0
GMM,PG,MH,5,10,4,z[4],1,1.0
GMM,PG,MH,5,10,4,z[5],1,1.0
GMM,PG,MH,5,10,4,z[6],1,1.0
GMM,PG,MH,5,10,4,z[7],1,1.0
GMM,PG,MH,5,10,4,z[8],1,1.0
GMM,PG,MH,5,10,4,z[9],1,1.0
GMM,PG,MH,5,10,4,z[10],1,1.0
GMM,PG,MH,5,10,4,μ[1],1,-7.723190265425318
GMM,PG,MH,5,10,4,μ[2],1,-7.297992501109377
GMM,PG,MH,5,10,4,w[1],2,0.9988499160602673
GMM,PG,MH,5,10,4,w[2],2,0.0011500839397327557
GMM,PG,MH,5,10,4,z[1],2,1.0
GMM,PG,MH,5,10,4,z[2],2,1.0
GMM,PG,MH,5,10,4,z[3],2,1.0
GMM,PG,MH,5,10,4,z[4],2,1.0
GMM,PG,MH,5,10,4,z[5],2,1.0
GMM,PG,MH,5,10,4,z[6],2,1.0
GMM,PG,MH,5,10,4,z[7],2,1.0
GMM,PG,MH,5,10,4,z[8],2,1.0
GMM,PG,MH,5,10,4,z[9],2,1.0
GMM,PG,MH,5,10,4,z[10],2,1.0
GMM,PG,MH,5,10,4,μ[1],2,-7.723190265425318
GMM,PG,MH,5,10,4,μ[2],2,-7.297992501109377
GMM,PG,MH,5,10,4,w[1],3,0.9988499160602673
GMM,PG,MH,5,10,4,w[2],3,0.0011500839397327557
GMM,PG,MH,5,10,4,z[1],3,1.0
GMM,PG,MH,5,10,4,z[2],3,1.0
GMM,PG,MH,5,10,4,z[3],3,1.0
GMM,PG,MH,5,10,4,z[4],3,1.0
GMM,PG,MH,5,10,4,z[5],3,1.0
GMM,PG,MH,5,10,4,z[6],3,1.0
GMM,PG,MH,5,10,4,z[7],3,1.0
GMM,PG,MH,5,10,4,z[8],3,1.0
GMM,PG,MH,5,10,4,z[9],3,1.0
GMM,PG,MH,5,10,4,z[10],3,1.0
GMM,PG,MH,5,10,4,μ[1],3,-7.723190265425318
GMM,PG,MH,5,10,4,μ[2],3,-7.297992501109377
GMM,PG,MH,5,10,4,w[1],4,0.9988499160602673
GMM,PG,MH,5,10,4,w[2],4,0.0011500839397327557
GMM,PG,MH,5,10,4,z[1],4,1.0
GMM,PG,MH,5,10,4,z[2],4,1.0
GMM,PG,MH,5,10,4,z[3],4,1.0
GMM,PG,MH,5,10,4,z[4],4,1.0
GMM,PG,MH,5,10,4,z[5],4,1.0
GMM,PG,MH,5,10,4,z[6],4,1.0
GMM,PG,MH,5,10,4,z[7],4,1.0
GMM,PG,MH,5,10,4,z[8],4,1.0
GMM,PG,MH,5,10,4,z[9],4,1.0
GMM,PG,MH,5,10,4,z[10],4,1.0
GMM,PG,MH,5,10,4,μ[1],4,-7.723190265425318
GMM,PG,MH,5,10,4,μ[2],4,-7.297992501109377
GMM,PG,MH,5,10,4,w[1],5,0.9988499160602673
GMM,PG,MH,5,10,4,w[2],5,0.0011500839397327557
GMM,PG,MH,5,10,4,z[1],5,1.0
GMM,PG,MH,5,10,4,z[2],5,1.0
GMM,PG,MH,5,10,4,z[3],5,1.0
GMM,PG,MH,5,10,4,z[4],5,1.0
GMM,PG,MH,5,10,4,z[5],5,1.0
GMM,PG,MH,5,10,4,z[6],5,1.0
GMM,PG,MH,5,10,4,z[7],5,1.0
GMM,PG,MH,5,10,4,z[8],5,1.0
GMM,PG,MH,5,10,4,z[9],5,1.0
GMM,PG,MH,5,10,4,z[10],5,1.0
GMM,PG,MH,5,10,4,μ[1],5,-7.723190265425318
GMM,PG,MH,5,10,4,μ[2],5,-7.297992501109377
GMM,PG,MH,5,10,4,w[1],6,0.9988499160602673
GMM,PG,MH,5,10,4,w[2],6,0.0011500839397327557
GMM,PG,MH,5,10,4,z[1],6,1.0
GMM,PG,MH,5,10,4,z[2],6,1.0
GMM,PG,MH,5,10,4,z[3],6,1.0
GMM,PG,MH,5,10,4,z[4],6,1.0
GMM,PG,MH,5,10,4,z[5],6,1.0
GMM,PG,MH,5,10,4,z[6],6,1.0
GMM,PG,MH,5,10,4,z[7],6,1.0
GMM,PG,MH,5,10,4,z[8],6,1.0
GMM,PG,MH,5,10,4,z[9],6,1.0
GMM,PG,MH,5,10,4,z[10],6,1.0
GMM,PG,MH,5,10,4,μ[1],6,-7.723190265425318
GMM,PG,MH,5,10,4,μ[2],6,-7.297992501109377
GMM,PG,MH,5,10,4,w[1],7,0.9988499160602673
GMM,PG,MH,5,10,4,w[2],7,0.0011500839397327557
GMM,PG,MH,5,10,4,z[1],7,1.0
GMM,PG,MH,5,10,4,z[2],7,1.0
GMM,PG,MH,5,10,4,z[3],7,1.0
GMM,PG,MH,5,10,4,z[4],7,1.0
GMM,PG,MH,5,10,4,z[5],7,1.0
GMM,PG,MH,5,10,4,z[6],7,1.0
GMM,PG,MH,5,10,4,z[7],7,1.0
GMM,PG,MH,5,10,4,z[8],7,1.0
GMM,PG,MH,5,10,4,z[9],7,1.0
GMM,PG,MH,5,10,4,z[10],7,1.0
GMM,PG,MH,5,10,4,μ[1],7,-7.723190265425318
GMM,PG,MH,5,10,4,μ[2],7,-7.297992501109377
GMM,PG,MH,5,10,4,w[1],8,0.9988499160602673
GMM,PG,MH,5,10,4,w[2],8,0.0011500839397327557
GMM,PG,MH,5,10,4,z[1],8,1.0
GMM,PG,MH,5,10,4,z[2],8,1.0
GMM,PG,MH,5,10,4,z[3],8,1.0
GMM,PG,MH,5,10,4,z[4],8,1.0
GMM,PG,MH,5,10,4,z[5],8,1.0
GMM,PG,MH,5,10,4,z[6],8,1.0
GMM,PG,MH,5,10,4,z[7],8,1.0
GMM,PG,MH,5,10,4,z[8],8,1.0
GMM,PG,MH,5,10,4,z[9],8,1.0
GMM,PG,MH,5,10,4,z[10],8,1.0
GMM,PG,MH,5,10,4,μ[1],8,-7.723190265425318
GMM,PG,MH,5,10,4,μ[2],8,-7.297992501109377
GMM,PG,MH,5,10,4,w[1],9,0.9988499160602673
GMM,PG,MH,5,10,4,w[2],9,0.0011500839397327557
GMM,PG,MH,5,10,4,z[1],9,1.0
GMM,PG,MH,5,10,4,z[2],9,1.0
GMM,PG,MH,5,10,4,z[3],9,1.0
GMM,PG,MH,5,10,4,z[4],9,1.0
GMM,PG,MH,5,10,4,z[5],9,1.0
GMM,PG,MH,5,10,4,z[6],9,1.0
GMM,PG,MH,5,10,4,z[7],9,1.0
GMM,PG,MH,5,10,4,z[8],9,1.0
GMM,PG,MH,5,10,4,z[9],9,1.0
GMM,PG,MH,5,10,4,z[10],9,1.0
GMM,PG,MH,5,10,4,μ[1],9,-7.723190265425318
GMM,PG,MH,5,10,4,μ[2],9,-7.297992501109377
GMM,PG,MH,5,10,4,w[1],10,0.9988499160602673
GMM,PG,MH,5,10,4,w[2],10,0.0011500839397327557
GMM,PG,MH,5,10,4,z[1],10,1.0
GMM,PG,MH,5,10,4,z[2],10,1.0
GMM,PG,MH,5,10,4,z[3],10,1.0
GMM,PG,MH,5,10,4,z[4],10,1.0
GMM,PG,MH,5,10,4,z[5],10,1.0
GMM,PG,MH,5,10,4,z[6],10,1.0
GMM,PG,MH,5,10,4,z[7],10,1.0
GMM,PG,MH,5,10,4,z[8],10,1.0
GMM,PG,MH,5,10,4,z[9],10,1.0
GMM,PG,MH,5,10,4,z[10],10,1.0
GMM,PG,MH,5,10,4,μ[1],10,-7.723190265425318
GMM,PG,MH,5,10,4,μ[2],10,-7.297992501109377
GMM,PG,MH,5,10,5,w[1],1,7.420501143735937e-5
GMM,PG,MH,5,10,5,w[2],1,0.9999257949885626
GMM,PG,MH,5,10,5,z[1],1,1.0
GMM,PG,MH,5,10,5,z[2],1,1.0
GMM,PG,MH,5,10,5,z[3],1,1.0
GMM,PG,MH,5,10,5,z[4],1,1.0
GMM,PG,MH,5,10,5,z[5],1,1.0
GMM,PG,MH,5,10,5,z[6],1,1.0
GMM,PG,MH,5,10,5,z[7],1,1.0
GMM,PG,MH,5,10,5,z[8],1,1.0
GMM,PG,MH,5,10,5,z[9],1,1.0
GMM,PG,MH,5,10,5,z[10],1,1.0
GMM,PG,MH,5,10,5,μ[1],1,-5.227387833582763
GMM,PG,MH,5,10,5,μ[2],1,-6.005492425638581
GMM,PG,MH,5,10,5,w[1],2,7.420501143735937e-5
GMM,PG,MH,5,10,5,w[2],2,0.9999257949885626
GMM,PG,MH,5,10,5,z[1],2,2.0
GMM,PG,MH,5,10,5,z[2],2,2.0
GMM,PG,MH,5,10,5,z[3],2,2.0
GMM,PG,MH,5,10,5,z[4],2,2.0
GMM,PG,MH,5,10,5,z[5],2,2.0
GMM,PG,MH,5,10,5,z[6],2,2.0
GMM,PG,MH,5,10,5,z[7],2,2.0
GMM,PG,MH,5,10,5,z[8],2,2.0
GMM,PG,MH,5,10,5,z[9],2,2.0
GMM,PG,MH,5,10,5,z[10],2,2.0
GMM,PG,MH,5,10,5,μ[1],2,-5.227387833582763
GMM,PG,MH,5,10,5,μ[2],2,-6.005492425638581
GMM,PG,MH,5,10,5,w[1],3,7.420501143735937e-5
GMM,PG,MH,5,10,5,w[2],3,0.9999257949885626
GMM,PG,MH,5,10,5,z[1],3,2.0
GMM,PG,MH,5,10,5,z[2],3,2.0
GMM,PG,MH,5,10,5,z[3],3,2.0
GMM,PG,MH,5,10,5,z[4],3,2.0
GMM,PG,MH,5,10,5,z[5],3,2.0
GMM,PG,MH,5,10,5,z[6],3,2.0
GMM,PG,MH,5,10,5,z[7],3,2.0
GMM,PG,MH,5,10,5,z[8],3,2.0
GMM,PG,MH,5,10,5,z[9],3,2.0
GMM,PG,MH,5,10,5,z[10],3,2.0
GMM,PG,MH,5,10,5,μ[1],3,-5.227387833582763
GMM,PG,MH,5,10,5,μ[2],3,-6.005492425638581
GMM,PG,MH,5,10,5,w[1],4,7.420501143735937e-5
GMM,PG,MH,5,10,5,w[2],4,0.9999257949885626
GMM,PG,MH,5,10,5,z[1],4,2.0
GMM,PG,MH,5,10,5,z[2],4,2.0
GMM,PG,MH,5,10,5,z[3],4,2.0
GMM,PG,MH,5,10,5,z[4],4,2.0
GMM,PG,MH,5,10,5,z[5],4,2.0
GMM,PG,MH,5,10,5,z[6],4,2.0
GMM,PG,MH,5,10,5,z[7],4,2.0
GMM,PG,MH,5,10,5,z[8],4,2.0
GMM,PG,MH,5,10,5,z[9],4,2.0
GMM,PG,MH,5,10,5,z[10],4,2.0
GMM,PG,MH,5,10,5,μ[1],4,-5.227387833582763
GMM,PG,MH,5,10,5,μ[2],4,-6.005492425638581
GMM,PG,MH,5,10,5,w[1],5,7.420501143735937e-5
GMM,PG,MH,5,10,5,w[2],5,0.9999257949885626
GMM,PG,MH,5,10,5,z[1],5,2.0
GMM,PG,MH,5,10,5,z[2],5,2.0
GMM,PG,MH,5,10,5,z[3],5,2.0
GMM,PG,MH,5,10,5,z[4],5,2.0
GMM,PG,MH,5,10,5,z[5],5,2.0
GMM,PG,MH,5,10,5,z[6],5,2.0
GMM,PG,MH,5,10,5,z[7],5,2.0
GMM,PG,MH,5,10,5,z[8],5,2.0
GMM,PG,MH,5,10,5,z[9],5,2.0
GMM,PG,MH,5,10,5,z[10],5,2.0
GMM,PG,MH,5,10,5,μ[1],5,-5.227387833582763
GMM,PG,MH,5,10,5,μ[2],5,-6.005492425638581
GMM,PG,MH,5,10,5,w[1],6,7.420501143735937e-5
GMM,PG,MH,5,10,5,w[2],6,0.9999257949885626
GMM,PG,MH,5,10,5,z[1],6,2.0
GMM,PG,MH,5,10,5,z[2],6,2.0
GMM,PG,MH,5,10,5,z[3],6,2.0
GMM,PG,MH,5,10,5,z[4],6,2.0
GMM,PG,MH,5,10,5,z[5],6,2.0
GMM,PG,MH,5,10,5,z[6],6,2.0
GMM,PG,MH,5,10,5,z[7],6,2.0
GMM,PG,MH,5,10,5,z[8],6,2.0
GMM,PG,MH,5,10,5,z[9],6,2.0
GMM,PG,MH,5,10,5,z[10],6,2.0
GMM,PG,MH,5,10,5,μ[1],6,-5.227387833582763
GMM,PG,MH,5,10,5,μ[2],6,-6.005492425638581
GMM,PG,MH,5,10,5,w[1],7,7.420501143735937e-5
GMM,PG,MH,5,10,5,w[2],7,0.9999257949885626
GMM,PG,MH,5,10,5,z[1],7,2.0
GMM,PG,MH,5,10,5,z[2],7,2.0
GMM,PG,MH,5,10,5,z[3],7,2.0
GMM,PG,MH,5,10,5,z[4],7,2.0
GMM,PG,MH,5,10,5,z[5],7,2.0
GMM,PG,MH,5,10,5,z[6],7,2.0
GMM,PG,MH,5,10,5,z[7],7,2.0
GMM,PG,MH,5,10,5,z[8],7,2.0
GMM,PG,MH,5,10,5,z[9],7,2.0
GMM,PG,MH,5,10,5,z[10],7,2.0
GMM,PG,MH,5,10,5,μ[1],7,-5.227387833582763
GMM,PG,MH,5,10,5,μ[2],7,-6.005492425638581
GMM,PG,MH,5,10,5,w[1],8,7.420501143735937e-5
GMM,PG,MH,5,10,5,w[2],8,0.9999257949885626
GMM,PG,MH,5,10,5,z[1],8,2.0
GMM,PG,MH,5,10,5,z[2],8,2.0
GMM,PG,MH,5,10,5,z[3],8,2.0
GMM,PG,MH,5,10,5,z[4],8,2.0
GMM,PG,MH,5,10,5,z[5],8,2.0
GMM,PG,MH,5,10,5,z[6],8,2.0
GMM,PG,MH,5,10,5,z[7],8,2.0
GMM,PG,MH,5,10,5,z[8],8,2.0
GMM,PG,MH,5,10,5,z[9],8,2.0
GMM,PG,MH,5,10,5,z[10],8,2.0
GMM,PG,MH,5,10,5,μ[1],8,-5.227387833582763
GMM,PG,MH,5,10,5,μ[2],8,-6.005492425638581
GMM,PG,MH,5,10,5,w[1],9,7.420501143735937e-5
GMM,PG,MH,5,10,5,w[2],9,0.9999257949885626
GMM,PG,MH,5,10,5,z[1],9,2.0
GMM,PG,MH,5,10,5,z[2],9,2.0
GMM,PG,MH,5,10,5,z[3],9,2.0
GMM,PG,MH,5,10,5,z[4],9,2.0
GMM,PG,MH,5,10,5,z[5],9,2.0
GMM,PG,MH,5,10,5,z[6],9,2.0
GMM,PG,MH,5,10,5,z[7],9,2.0
GMM,PG,MH,5,10,5,z[8],9,2.0
GMM,PG,MH,5,10,5,z[9],9,2.0
GMM,PG,MH,5,10,5,z[10],9,2.0
GMM,PG,MH,5,10,5,μ[1],9,-5.227387833582763
GMM,PG,MH,5,10,5,μ[2],9,-6.005492425638581
GMM,PG,MH,5,10,5,w[1],10,7.420501143735937e-5
GMM,PG,MH,5,10,5,w[2],10,0.9999257949885626
GMM,PG,MH,5,10,5,z[1],10,2.0
GMM,PG,MH,5,10,5,z[2],10,2.0
GMM,PG,MH,5,10,5,z[3],10,2.0
GMM,PG,MH,5,10,5,z[4],10,2.0
GMM,PG,MH,5,10,5,z[5],10,2.0
GMM,PG,MH,5,10,5,z[6],10,2.0
GMM,PG,MH,5,10,5,z[7],10,2.0
GMM,PG,MH,5,10,5,z[8],10,2.0
GMM,PG,MH,5,10,5,z[9],10,2.0
GMM,PG,MH,5,10,5,z[10],10,2.0
GMM,PG,MH,5,10,5,μ[1],10,-5.227387833582763
GMM,PG,MH,5,10,5,μ[2],10,-6.005492425638581
GMM,PG,MH,5,10,6,w[1],1,0.8022578003277386
GMM,PG,MH,5,10,6,w[2],1,0.19774219967226134
GMM,PG,MH,5,10,6,z[1],1,2.0
GMM,PG,MH,5,10,6,z[2],1,2.0
GMM,PG,MH,5,10,6,z[3],1,2.0
GMM,PG,MH,5,10,6,z[4],1,2.0
GMM,PG,MH,5,10,6,z[5],1,2.0
GMM,PG,MH,5,10,6,z[6],1,2.0
GMM,PG,MH,5,10,6,z[7],1,2.0
GMM,PG,MH,5,10,6,z[8],1,2.0
GMM,PG,MH,5,10,6,z[9],1,2.0
GMM,PG,MH,5,10,6,z[10],1,2.0
GMM,PG,MH,5,10,6,μ[1],1,5.2421794452391115
GMM,PG,MH,5,10,6,μ[2],1,-1.9591402533841984
GMM,PG,MH,5,10,6,w[1],2,0.8022578003277386
GMM,PG,MH,5,10,6,w[2],2,0.19774219967226134
GMM,PG,MH,5,10,6,z[1],2,2.0
GMM,PG,MH,5,10,6,z[2],2,2.0
GMM,PG,MH,5,10,6,z[3],2,1.0
GMM,PG,MH,5,10,6,z[4],2,1.0
GMM,PG,MH,5,10,6,z[5],2,2.0
GMM,PG,MH,5,10,6,z[6],2,2.0
GMM,PG,MH,5,10,6,z[7],2,2.0
GMM,PG,MH,5,10,6,z[8],2,2.0
GMM,PG,MH,5,10,6,z[9],2,2.0
GMM,PG,MH,5,10,6,z[10],2,2.0
GMM,PG,MH,5,10,6,μ[1],2,5.2421794452391115
GMM,PG,MH,5,10,6,μ[2],2,-1.9591402533841984
GMM,PG,MH,5,10,6,w[1],3,0.5431776269446924
GMM,PG,MH,5,10,6,w[2],3,0.45682237305530754
GMM,PG,MH,5,10,6,z[1],3,2.0
GMM,PG,MH,5,10,6,z[2],3,2.0
GMM,PG,MH,5,10,6,z[3],3,1.0
GMM,PG,MH,5,10,6,z[4],3,1.0
GMM,PG,MH,5,10,6,z[5],3,2.0
GMM,PG,MH,5,10,6,z[6],3,1.0
GMM,PG,MH,5,10,6,z[7],3,2.0
GMM,PG,MH,5,10,6,z[8],3,2.0
GMM,PG,MH,5,10,6,z[9],3,1.0
GMM,PG,MH,5,10,6,z[10],3,1.0
GMM,PG,MH,5,10,6,μ[1],3,3.6486834256337293
GMM,PG,MH,5,10,6,μ[2],3,-11.17850050331649
GMM,PG,MH,5,10,6,w[1],4,0.5431776269446924
GMM,PG,MH,5,10,6,w[2],4,0.45682237305530754
GMM,PG,MH,5,10,6,z[1],4,2.0
GMM,PG,MH,5,10,6,z[2],4,2.0
GMM,PG,MH,5,10,6,z[3],4,2.0
GMM,PG,MH,5,10,6,z[4],4,2.0
GMM,PG,MH,5,10,6,z[5],4,2.0
GMM,PG,MH,5,10,6,z[6],4,2.0
GMM,PG,MH,5,10,6,z[7],4,2.0
GMM,PG,MH,5,10,6,z[8],4,2.0
GMM,PG,MH,5,10,6,z[9],4,2.0
GMM,PG,MH,5,10,6,z[10],4,2.0
GMM,PG,MH,5,10,6,μ[1],4,3.6486834256337293
GMM,PG,MH,5,10,6,μ[2],4,-11.17850050331649
GMM,PG,MH,5,10,6,w[1],5,0.5431776269446924
GMM,PG,MH,5,10,6,w[2],5,0.45682237305530754
GMM,PG,MH,5,10,6,z[1],5,2.0
GMM,PG,MH,5,10,6,z[2],5,2.0
GMM,PG,MH,5,10,6,z[3],5,2.0
GMM,PG,MH,5,10,6,z[4],5,2.0
GMM,PG,MH,5,10,6,z[5],5,1.0
GMM,PG,MH,5,10,6,z[6],5,2.0
GMM,PG,MH,5,10,6,z[7],5,2.0
GMM,PG,MH,5,10,6,z[8],5,2.0
GMM,PG,MH,5,10,6,z[9],5,1.0
GMM,PG,MH,5,10,6,z[10],5,2.0
GMM,PG,MH,5,10,6,μ[1],5,3.6486834256337293
GMM,PG,MH,5,10,6,μ[2],5,-11.17850050331649
GMM,PG,MH,5,10,6,w[1],6,0.5431776269446924
GMM,PG,MH,5,10,6,w[2],6,0.45682237305530754
GMM,PG,MH,5,10,6,z[1],6,2.0
GMM,PG,MH,5,10,6,z[2],6,2.0
GMM,PG,MH,5,10,6,z[3],6,2.0
GMM,PG,MH,5,10,6,z[4],6,2.0
GMM,PG,MH,5,10,6,z[5],6,2.0
GMM,PG,MH,5,10,6,z[6],6,2.0
GMM,PG,MH,5,10,6,z[7],6,2.0
GMM,PG,MH,5,10,6,z[8],6,2.0
GMM,PG,MH,5,10,6,z[9],6,2.0
GMM,PG,MH,5,10,6,z[10],6,2.0
GMM,PG,MH,5,10,6,μ[1],6,3.6486834256337293
GMM,PG,MH,5,10,6,μ[2],6,-11.17850050331649
GMM,PG,MH,5,10,6,w[1],7,0.5431776269446924
GMM,PG,MH,5,10,6,w[2],7,0.45682237305530754
GMM,PG,MH,5,10,6,z[1],7,2.0
GMM,PG,MH,5,10,6,z[2],7,2.0
GMM,PG,MH,5,10,6,z[3],7,2.0
GMM,PG,MH,5,10,6,z[4],7,2.0
GMM,PG,MH,5,10,6,z[5],7,2.0
GMM,PG,MH,5,10,6,z[6],7,2.0
GMM,PG,MH,5,10,6,z[7],7,2.0
GMM,PG,MH,5,10,6,z[8],7,2.0
GMM,PG,MH,5,10,6,z[9],7,2.0
GMM,PG,MH,5,10,6,z[10],7,2.0
GMM,PG,MH,5,10,6,μ[1],7,3.6486834256337293
GMM,PG,MH,5,10,6,μ[2],7,-11.17850050331649
GMM,PG,MH,5,10,6,w[1],8,0.5431776269446924
GMM,PG,MH,5,10,6,w[2],8,0.45682237305530754
GMM,PG,MH,5,10,6,z[1],8,2.0
GMM,PG,MH,5,10,6,z[2],8,2.0
GMM,PG,MH,5,10,6,z[3],8,2.0
GMM,PG,MH,5,10,6,z[4],8,2.0
GMM,PG,MH,5,10,6,z[5],8,1.0
GMM,PG,MH,5,10,6,z[6],8,2.0
GMM,PG,MH,5,10,6,z[7],8,2.0
GMM,PG,MH,5,10,6,z[8],8,2.0
GMM,PG,MH,5,10,6,z[9],8,2.0
GMM,PG,MH,5,10,6,z[10],8,2.0
GMM,PG,MH,5,10,6,μ[1],8,3.6486834256337293
GMM,PG,MH,5,10,6,μ[2],8,-11.17850050331649
GMM,PG,MH,5,10,6,w[1],9,0.5431776269446924
GMM,PG,MH,5,10,6,w[2],9,0.45682237305530754
GMM,PG,MH,5,10,6,z[1],9,2.0
GMM,PG,MH,5,10,6,z[2],9,2.0
GMM,PG,MH,5,10,6,z[3],9,2.0
GMM,PG,MH,5,10,6,z[4],9,2.0
GMM,PG,MH,5,10,6,z[5],9,1.0
GMM,PG,MH,5,10,6,z[6],9,2.0
GMM,PG,MH,5,10,6,z[7],9,2.0
GMM,PG,MH,5,10,6,z[8],9,2.0
GMM,PG,MH,5,10,6,z[9],9,2.0
GMM,PG,MH,5,10,6,z[10],9,2.0
GMM,PG,MH,5,10,6,μ[1],9,3.6486834256337293
GMM,PG,MH,5,10,6,μ[2],9,-11.17850050331649
GMM,PG,MH,5,10,6,w[1],10,5.6107913394571895e-5
GMM,PG,MH,5,10,6,w[2],10,0.9999438920866054
GMM,PG,MH,5,10,6,z[1],10,2.0
GMM,PG,MH,5,10,6,z[2],10,2.0
GMM,PG,MH,5,10,6,z[3],10,2.0
GMM,PG,MH,5,10,6,z[4],10,2.0
GMM,PG,MH,5,10,6,z[5],10,1.0
GMM,PG,MH,5,10,6,z[6],10,2.0
GMM,PG,MH,5,10,6,z[7],10,2.0
GMM,PG,MH,5,10,6,z[8],10,2.0
GMM,PG,MH,5,10,6,z[9],10,2.0
GMM,PG,MH,5,10,6,z[10],10,2.0
GMM,PG,MH,5,10,6,μ[1],10,-5.580519696173334
GMM,PG,MH,5,10,6,μ[2],10,-4.89859674931917
GMM,PG,MH,5,10,7,w[1],1,0.24900821204262655
GMM,PG,MH,5,10,7,w[2],1,0.7509917879573734
GMM,PG,MH,5,10,7,z[1],1,2.0
GMM,PG,MH,5,10,7,z[2],1,2.0
GMM,PG,MH,5,10,7,z[3],1,2.0
GMM,PG,MH,5,10,7,z[4],1,2.0
GMM,PG,MH,5,10,7,z[5],1,2.0
GMM,PG,MH,5,10,7,z[6],1,2.0
GMM,PG,MH,5,10,7,z[7],1,2.0
GMM,PG,MH,5,10,7,z[8],1,2.0
GMM,PG,MH,5,10,7,z[9],1,2.0
GMM,PG,MH,5,10,7,z[10],1,2.0
GMM,PG,MH,5,10,7,μ[1],1,8.621317613460425
GMM,PG,MH,5,10,7,μ[2],1,2.4557889676119644
GMM,PG,MH,5,10,7,w[1],2,0.8136672436899873
GMM,PG,MH,5,10,7,w[2],2,0.1863327563100125
GMM,PG,MH,5,10,7,z[1],2,2.0
GMM,PG,MH,5,10,7,z[2],2,2.0
GMM,PG,MH,5,10,7,z[3],2,2.0
GMM,PG,MH,5,10,7,z[4],2,2.0
GMM,PG,MH,5,10,7,z[5],2,2.0
GMM,PG,MH,5,10,7,z[6],2,2.0
GMM,PG,MH,5,10,7,z[7],2,2.0
GMM,PG,MH,5,10,7,z[8],2,2.0
GMM,PG,MH,5,10,7,z[9],2,2.0
GMM,PG,MH,5,10,7,z[10],2,2.0
GMM,PG,MH,5,10,7,μ[1],2,-6.944089074941235
GMM,PG,MH,5,10,7,μ[2],2,-5.863125647429712
GMM,PG,MH,5,10,7,w[1],3,0.8136672436899873
GMM,PG,MH,5,10,7,w[2],3,0.1863327563100125
GMM,PG,MH,5,10,7,z[1],3,2.0
GMM,PG,MH,5,10,7,z[2],3,1.0
GMM,PG,MH,5,10,7,z[3],3,2.0
GMM,PG,MH,5,10,7,z[4],3,2.0
GMM,PG,MH,5,10,7,z[5],3,1.0
GMM,PG,MH,5,10,7,z[6],3,2.0
GMM,PG,MH,5,10,7,z[7],3,1.0
GMM,PG,MH,5,10,7,z[8],3,1.0
GMM,PG,MH,5,10,7,z[9],3,1.0
GMM,PG,MH,5,10,7,z[10],3,1.0
GMM,PG,MH,5,10,7,μ[1],3,-6.944089074941235
GMM,PG,MH,5,10,7,μ[2],3,-5.863125647429712
GMM,PG,MH,5,10,7,w[1],4,0.8136672436899873
GMM,PG,MH,5,10,7,w[2],4,0.1863327563100125
GMM,PG,MH,5,10,7,z[1],4,1.0
GMM,PG,MH,5,10,7,z[2],4,1.0
GMM,PG,MH,5,10,7,z[3],4,1.0
GMM,PG,MH,5,10,7,z[4],4,1.0
GMM,PG,MH,5,10,7,z[5],4,2.0
GMM,PG,MH,5,10,7,z[6],4,1.0
GMM,PG,MH,5,10,7,z[7],4,1.0
GMM,PG,MH,5,10,7,z[8],4,1.0
GMM,PG,MH,5,10,7,z[9],4,1.0
GMM,PG,MH,5,10,7,z[10],4,1.0
GMM,PG,MH,5,10,7,μ[1],4,-6.944089074941235
GMM,PG,MH,5,10,7,μ[2],4,-5.863125647429712
GMM,PG,MH,5,10,7,w[1],5,0.8136672436899873
GMM,PG,MH,5,10,7,w[2],5,0.1863327563100125
GMM,PG,MH,5,10,7,z[1],5,1.0
GMM,PG,MH,5,10,7,z[2],5,1.0
GMM,PG,MH,5,10,7,z[3],5,1.0
GMM,PG,MH,5,10,7,z[4],5,1.0
GMM,PG,MH,5,10,7,z[5],5,2.0
GMM,PG,MH,5,10,7,z[6],5,1.0
GMM,PG,MH,5,10,7,z[7],5,2.0
GMM,PG,MH,5,10,7,z[8],5,1.0
GMM,PG,MH,5,10,7,z[9],5,1.0
GMM,PG,MH,5,10,7,z[10],5,1.0
GMM,PG,MH,5,10,7,μ[1],5,-6.944089074941235
GMM,PG,MH,5,10,7,μ[2],5,-5.863125647429712
GMM,PG,MH,5,10,7,w[1],6,0.8136672436899873
GMM,PG,MH,5,10,7,w[2],6,0.1863327563100125
GMM,PG,MH,5,10,7,z[1],6,1.0
GMM,PG,MH,5,10,7,z[2],6,1.0
GMM,PG,MH,5,10,7,z[3],6,1.0
GMM,PG,MH,5,10,7,z[4],6,1.0
GMM,PG,MH,5,10,7,z[5],6,2.0
GMM,PG,MH,5,10,7,z[6],6,1.0
GMM,PG,MH,5,10,7,z[7],6,1.0
GMM,PG,MH,5,10,7,z[8],6,1.0
GMM,PG,MH,5,10,7,z[9],6,2.0
GMM,PG,MH,5,10,7,z[10],6,1.0
GMM,PG,MH,5,10,7,μ[1],6,-6.944089074941235
GMM,PG,MH,5,10,7,μ[2],6,-5.863125647429712
GMM,PG,MH,5,10,7,w[1],7,0.8136672436899873
GMM,PG,MH,5,10,7,w[2],7,0.1863327563100125
GMM,PG,MH,5,10,7,z[1],7,1.0
GMM,PG,MH,5,10,7,z[2],7,1.0
GMM,PG,MH,5,10,7,z[3],7,1.0
GMM,PG,MH,5,10,7,z[4],7,1.0
GMM,PG,MH,5,10,7,z[5],7,1.0
GMM,PG,MH,5,10,7,z[6],7,1.0
GMM,PG,MH,5,10,7,z[7],7,1.0
GMM,PG,MH,5,10,7,z[8],7,1.0
GMM,PG,MH,5,10,7,z[9],7,1.0
GMM,PG,MH,5,10,7,z[10],7,1.0
GMM,PG,MH,5,10,7,μ[1],7,-6.944089074941235
GMM,PG,MH,5,10,7,μ[2],7,-5.863125647429712
GMM,PG,MH,5,10,7,w[1],8,0.8136672436899873
GMM,PG,MH,5,10,7,w[2],8,0.1863327563100125
GMM,PG,MH,5,10,7,z[1],8,2.0
GMM,PG,MH,5,10,7,z[2],8,1.0
GMM,PG,MH,5,10,7,z[3],8,1.0
GMM,PG,MH,5,10,7,z[4],8,1.0
GMM,PG,MH,5,10,7,z[5],8,2.0
GMM,PG,MH,5,10,7,z[6],8,1.0
GMM,PG,MH,5,10,7,z[7],8,1.0
GMM,PG,MH,5,10,7,z[8],8,1.0
GMM,PG,MH,5,10,7,z[9],8,2.0
GMM,PG,MH,5,10,7,z[10],8,1.0
GMM,PG,MH,5,10,7,μ[1],8,-6.944089074941235
GMM,PG,MH,5,10,7,μ[2],8,-5.863125647429712
GMM,PG,MH,5,10,7,w[1],9,0.8136672436899873
GMM,PG,MH,5,10,7,w[2],9,0.1863327563100125
GMM,PG,MH,5,10,7,z[1],9,1.0
GMM,PG,MH,5,10,7,z[2],9,1.0
GMM,PG,MH,5,10,7,z[3],9,1.0
GMM,PG,MH,5,10,7,z[4],9,2.0
GMM,PG,MH,5,10,7,z[5],9,1.0
GMM,PG,MH,5,10,7,z[6],9,1.0
GMM,PG,MH,5,10,7,z[7],9,1.0
GMM,PG,MH,5,10,7,z[8],9,1.0
GMM,PG,MH,5,10,7,z[9],9,1.0
GMM,PG,MH,5,10,7,z[10],9,1.0
GMM,PG,MH,5,10,7,μ[1],9,-6.944089074941235
GMM,PG,MH,5,10,7,μ[2],9,-5.863125647429712
GMM,PG,MH,5,10,7,w[1],10,0.8136672436899873
GMM,PG,MH,5,10,7,w[2],10,0.1863327563100125
GMM,PG,MH,5,10,7,z[1],10,1.0
GMM,PG,MH,5,10,7,z[2],10,1.0
GMM,PG,MH,5,10,7,z[3],10,1.0
GMM,PG,MH,5,10,7,z[4],10,2.0
GMM,PG,MH,5,10,7,z[5],10,1.0
GMM,PG,MH,5,10,7,z[6],10,1.0
GMM,PG,MH,5,10,7,z[7],10,1.0
GMM,PG,MH,5,10,7,z[8],10,1.0
GMM,PG,MH,5,10,7,z[9],10,1.0
GMM,PG,MH,5,10,7,z[10],10,1.0
GMM,PG,MH,5,10,7,μ[1],10,-6.944089074941235
GMM,PG,MH,5,10,7,μ[2],10,-5.863125647429712
GMM,PG,MH,5,10,8,w[1],1,0.9995111536135148
GMM,PG,MH,5,10,8,w[2],1,0.000488846386485085
GMM,PG,MH,5,10,8,z[1],1,1.0
GMM,PG,MH,5,10,8,z[2],1,1.0
GMM,PG,MH,5,10,8,z[3],1,1.0
GMM,PG,MH,5,10,8,z[4],1,1.0
GMM,PG,MH,5,10,8,z[5],1,1.0
GMM,PG,MH,5,10,8,z[6],1,1.0
GMM,PG,MH,5,10,8,z[7],1,1.0
GMM,PG,MH,5,10,8,z[8],1,1.0
GMM,PG,MH,5,10,8,z[9],1,1.0
GMM,PG,MH,5,10,8,z[10],1,1.0
GMM,PG,MH,5,10,8,μ[1],1,-1.5846380361414434
GMM,PG,MH,5,10,8,μ[2],1,-2.8656874692727596
GMM,PG,MH,5,10,8,w[1],2,0.05925904099681957
GMM,PG,MH,5,10,8,w[2],2,0.9407409590031804
GMM,PG,MH,5,10,8,z[1],2,1.0
GMM,PG,MH,5,10,8,z[2],2,1.0
GMM,PG,MH,5,10,8,z[3],2,1.0
GMM,PG,MH,5,10,8,z[4],2,1.0
GMM,PG,MH,5,10,8,z[5],2,1.0
GMM,PG,MH,5,10,8,z[6],2,1.0
GMM,PG,MH,5,10,8,z[7],2,1.0
GMM,PG,MH,5,10,8,z[8],2,1.0
GMM,PG,MH,5,10,8,z[9],2,1.0
GMM,PG,MH,5,10,8,z[10],2,1.0
GMM,PG,MH,5,10,8,μ[1],2,-4.643898349397653
GMM,PG,MH,5,10,8,μ[2],2,3.5999653687128568
GMM,PG,MH,5,10,8,w[1],3,0.05925904099681957
GMM,PG,MH,5,10,8,w[2],3,0.9407409590031804
GMM,PG,MH,5,10,8,z[1],3,1.0
GMM,PG,MH,5,10,8,z[2],3,1.0
GMM,PG,MH,5,10,8,z[3],3,1.0
GMM,PG,MH,5,10,8,z[4],3,1.0
GMM,PG,MH,5,10,8,z[5],3,1.0
GMM,PG,MH,5,10,8,z[6],3,1.0
GMM,PG,MH,5,10,8,z[7],3,1.0
GMM,PG,MH,5,10,8,z[8],3,1.0
GMM,PG,MH,5,10,8,z[9],3,1.0
GMM,PG,MH,5,10,8,z[10],3,1.0
GMM,PG,MH,5,10,8,μ[1],3,-4.643898349397653
GMM,PG,MH,5,10,8,μ[2],3,3.5999653687128568
GMM,PG,MH,5,10,8,w[1],4,0.05925904099681957
GMM,PG,MH,5,10,8,w[2],4,0.9407409590031804
GMM,PG,MH,5,10,8,z[1],4,1.0
GMM,PG,MH,5,10,8,z[2],4,1.0
GMM,PG,MH,5,10,8,z[3],4,1.0
GMM,PG,MH,5,10,8,z[4],4,1.0
GMM,PG,MH,5,10,8,z[5],4,1.0
GMM,PG,MH,5,10,8,z[6],4,1.0
GMM,PG,MH,5,10,8,z[7],4,1.0
GMM,PG,MH,5,10,8,z[8],4,1.0
GMM,PG,MH,5,10,8,z[9],4,1.0
GMM,PG,MH,5,10,8,z[10],4,1.0
GMM,PG,MH,5,10,8,μ[1],4,-4.643898349397653
GMM,PG,MH,5,10,8,μ[2],4,3.5999653687128568
GMM,PG,MH,5,10,8,w[1],5,0.05925904099681957
GMM,PG,MH,5,10,8,w[2],5,0.9407409590031804
GMM,PG,MH,5,10,8,z[1],5,1.0
GMM,PG,MH,5,10,8,z[2],5,1.0
GMM,PG,MH,5,10,8,z[3],5,1.0
GMM,PG,MH,5,10,8,z[4],5,1.0
GMM,PG,MH,5,10,8,z[5],5,1.0
GMM,PG,MH,5,10,8,z[6],5,1.0
GMM,PG,MH,5,10,8,z[7],5,1.0
GMM,PG,MH,5,10,8,z[8],5,1.0
GMM,PG,MH,5,10,8,z[9],5,1.0
GMM,PG,MH,5,10,8,z[10],5,1.0
GMM,PG,MH,5,10,8,μ[1],5,-4.643898349397653
GMM,PG,MH,5,10,8,μ[2],5,3.5999653687128568
GMM,PG,MH,5,10,8,w[1],6,0.2192168034407024
GMM,PG,MH,5,10,8,w[2],6,0.7807831965592977
GMM,PG,MH,5,10,8,z[1],6,2.0
GMM,PG,MH,5,10,8,z[2],6,1.0
GMM,PG,MH,5,10,8,z[3],6,2.0
GMM,PG,MH,5,10,8,z[4],6,2.0
GMM,PG,MH,5,10,8,z[5],6,2.0
GMM,PG,MH,5,10,8,z[6],6,1.0
GMM,PG,MH,5,10,8,z[7],6,2.0
GMM,PG,MH,5,10,8,z[8],6,1.0
GMM,PG,MH,5,10,8,z[9],6,2.0
GMM,PG,MH,5,10,8,z[10],6,2.0
GMM,PG,MH,5,10,8,μ[1],6,-0.15657439647246596
GMM,PG,MH,5,10,8,μ[2],6,-4.732930460725879
GMM,PG,MH,5,10,8,w[1],7,0.2192168034407024
GMM,PG,MH,5,10,8,w[2],7,0.7807831965592977
GMM,PG,MH,5,10,8,z[1],7,2.0
GMM,PG,MH,5,10,8,z[2],7,2.0
GMM,PG,MH,5,10,8,z[3],7,2.0
GMM,PG,MH,5,10,8,z[4],7,2.0
GMM,PG,MH,5,10,8,z[5],7,2.0
GMM,PG,MH,5,10,8,z[6],7,2.0
GMM,PG,MH,5,10,8,z[7],7,2.0
GMM,PG,MH,5,10,8,z[8],7,2.0
GMM,PG,MH,5,10,8,z[9],7,2.0
GMM,PG,MH,5,10,8,z[10],7,2.0
GMM,PG,MH,5,10,8,μ[1],7,-0.15657439647246596
GMM,PG,MH,5,10,8,μ[2],7,-4.732930460725879
GMM,PG,MH,5,10,8,w[1],8,0.2192168034407024
GMM,PG,MH,5,10,8,w[2],8,0.7807831965592977
GMM,PG,MH,5,10,8,z[1],8,2.0
GMM,PG,MH,5,10,8,z[2],8,2.0
GMM,PG,MH,5,10,8,z[3],8,2.0
GMM,PG,MH,5,10,8,z[4],8,2.0
GMM,PG,MH,5,10,8,z[5],8,2.0
GMM,PG,MH,5,10,8,z[6],8,2.0
GMM,PG,MH,5,10,8,z[7],8,2.0
GMM,PG,MH,5,10,8,z[8],8,2.0
GMM,PG,MH,5,10,8,z[9],8,2.0
GMM,PG,MH,5,10,8,z[10],8,2.0
GMM,PG,MH,5,10,8,μ[1],8,-0.15657439647246596
GMM,PG,MH,5,10,8,μ[2],8,-4.732930460725879
GMM,PG,MH,5,10,8,w[1],9,0.2192168034407024
GMM,PG,MH,5,10,8,w[2],9,0.7807831965592977
GMM,PG,MH,5,10,8,z[1],9,2.0
GMM,PG,MH,5,10,8,z[2],9,2.0
GMM,PG,MH,5,10,8,z[3],9,2.0
GMM,PG,MH,5,10,8,z[4],9,2.0
GMM,PG,MH,5,10,8,z[5],9,2.0
GMM,PG,MH,5,10,8,z[6],9,2.0
GMM,PG,MH,5,10,8,z[7],9,2.0
GMM,PG,MH,5,10,8,z[8],9,2.0
GMM,PG,MH,5,10,8,z[9],9,2.0
GMM,PG,MH,5,10,8,z[10],9,2.0
GMM,PG,MH,5,10,8,μ[1],9,-0.15657439647246596
GMM,PG,MH,5,10,8,μ[2],9,-4.732930460725879
GMM,PG,MH,5,10,8,w[1],10,0.2192168034407024
GMM,PG,MH,5,10,8,w[2],10,0.7807831965592977
GMM,PG,MH,5,10,8,z[1],10,2.0
GMM,PG,MH,5,10,8,z[2],10,2.0
GMM,PG,MH,5,10,8,z[3],10,2.0
GMM,PG,MH,5,10,8,z[4],10,2.0
GMM,PG,MH,5,10,8,z[5],10,2.0
GMM,PG,MH,5,10,8,z[6],10,2.0
GMM,PG,MH,5,10,8,z[7],10,2.0
GMM,PG,MH,5,10,8,z[8],10,2.0
GMM,PG,MH,5,10,8,z[9],10,2.0
GMM,PG,MH,5,10,8,z[10],10,2.0
GMM,PG,MH,5,10,8,μ[1],10,-0.15657439647246596
GMM,PG,MH,5,10,8,μ[2],10,-4.732930460725879
GMM,PG,MH,5,10,9,w[1],1,0.7496108337152004
GMM,PG,MH,5,10,9,w[2],1,0.2503891662847996
GMM,PG,MH,5,10,9,z[1],1,1.0
GMM,PG,MH,5,10,9,z[2],1,1.0
GMM,PG,MH,5,10,9,z[3],1,1.0
GMM,PG,MH,5,10,9,z[4],1,1.0
GMM,PG,MH,5,10,9,z[5],1,1.0
GMM,PG,MH,5,10,9,z[6],1,1.0
GMM,PG,MH,5,10,9,z[7],1,1.0
GMM,PG,MH,5,10,9,z[8],1,1.0
GMM,PG,MH,5,10,9,z[9],1,1.0
GMM,PG,MH,5,10,9,z[10],1,1.0
GMM,PG,MH,5,10,9,μ[1],1,-0.4137176230639334
GMM,PG,MH,5,10,9,μ[2],1,0.4292827807533126
GMM,PG,MH,5,10,9,w[1],2,0.7665111917938485
GMM,PG,MH,5,10,9,w[2],2,0.23348880820615137
GMM,PG,MH,5,10,9,z[1],2,1.0
GMM,PG,MH,5,10,9,z[2],2,1.0
GMM,PG,MH,5,10,9,z[3],2,1.0
GMM,PG,MH,5,10,9,z[4],2,1.0
GMM,PG,MH,5,10,9,z[5],2,1.0
GMM,PG,MH,5,10,9,z[6],2,1.0
GMM,PG,MH,5,10,9,z[7],2,1.0
GMM,PG,MH,5,10,9,z[8],2,1.0
GMM,PG,MH,5,10,9,z[9],2,1.0
GMM,PG,MH,5,10,9,z[10],2,1.0
GMM,PG,MH,5,10,9,μ[1],2,-0.6480662887899756
GMM,PG,MH,5,10,9,μ[2],2,-5.323318293943285
GMM,PG,MH,5,10,9,w[1],3,0.7665111917938485
GMM,PG,MH,5,10,9,w[2],3,0.23348880820615137
GMM,PG,MH,5,10,9,z[1],3,1.0
GMM,PG,MH,5,10,9,z[2],3,2.0
GMM,PG,MH,5,10,9,z[3],3,2.0
GMM,PG,MH,5,10,9,z[4],3,2.0
GMM,PG,MH,5,10,9,z[5],3,2.0
GMM,PG,MH,5,10,9,z[6],3,1.0
GMM,PG,MH,5,10,9,z[7],3,2.0
GMM,PG,MH,5,10,9,z[8],3,2.0
GMM,PG,MH,5,10,9,z[9],3,2.0
GMM,PG,MH,5,10,9,z[10],3,2.0
GMM,PG,MH,5,10,9,μ[1],3,-0.6480662887899756
GMM,PG,MH,5,10,9,μ[2],3,-5.323318293943285
GMM,PG,MH,5,10,9,w[1],4,0.7665111917938485
GMM,PG,MH,5,10,9,w[2],4,0.23348880820615137
GMM,PG,MH,5,10,9,z[1],4,2.0
GMM,PG,MH,5,10,9,z[2],4,2.0
GMM,PG,MH,5,10,9,z[3],4,2.0
GMM,PG,MH,5,10,9,z[4],4,2.0
GMM,PG,MH,5,10,9,z[5],4,1.0
GMM,PG,MH,5,10,9,z[6],4,2.0
GMM,PG,MH,5,10,9,z[7],4,2.0
GMM,PG,MH,5,10,9,z[8],4,2.0
GMM,PG,MH,5,10,9,z[9],4,2.0
GMM,PG,MH,5,10,9,z[10],4,1.0
GMM,PG,MH,5,10,9,μ[1],4,-0.6480662887899756
GMM,PG,MH,5,10,9,μ[2],4,-5.323318293943285
GMM,PG,MH,5,10,9,w[1],5,0.7665111917938485
GMM,PG,MH,5,10,9,w[2],5,0.23348880820615137
GMM,PG,MH,5,10,9,z[1],5,2.0
GMM,PG,MH,5,10,9,z[2],5,2.0
GMM,PG,MH,5,10,9,z[3],5,1.0
GMM,PG,MH,5,10,9,z[4],5,2.0
GMM,PG,MH,5,10,9,z[5],5,1.0
GMM,PG,MH,5,10,9,z[6],5,2.0
GMM,PG,MH,5,10,9,z[7],5,2.0
GMM,PG,MH,5,10,9,z[8],5,1.0
GMM,PG,MH,5,10,9,z[9],5,2.0
GMM,PG,MH,5,10,9,z[10],5,2.0
GMM,PG,MH,5,10,9,μ[1],5,-0.6480662887899756
GMM,PG,MH,5,10,9,μ[2],5,-5.323318293943285
GMM,PG,MH,5,10,9,w[1],6,0.7665111917938485
GMM,PG,MH,5,10,9,w[2],6,0.23348880820615137
GMM,PG,MH,5,10,9,z[1],6,2.0
GMM,PG,MH,5,10,9,z[2],6,2.0
GMM,PG,MH,5,10,9,z[3],6,2.0
GMM,PG,MH,5,10,9,z[4],6,2.0
GMM,PG,MH,5,10,9,z[5],6,2.0
GMM,PG,MH,5,10,9,z[6],6,2.0
GMM,PG,MH,5,10,9,z[7],6,1.0
GMM,PG,MH,5,10,9,z[8],6,2.0
GMM,PG,MH,5,10,9,z[9],6,2.0
GMM,PG,MH,5,10,9,z[10],6,1.0
GMM,PG,MH,5,10,9,μ[1],6,-0.6480662887899756
GMM,PG,MH,5,10,9,μ[2],6,-5.323318293943285
GMM,PG,MH,5,10,9,w[1],7,0.7665111917938485
GMM,PG,MH,5,10,9,w[2],7,0.23348880820615137
GMM,PG,MH,5,10,9,z[1],7,2.0
GMM,PG,MH,5,10,9,z[2],7,2.0
GMM,PG,MH,5,10,9,z[3],7,2.0
GMM,PG,MH,5,10,9,z[4],7,2.0
GMM,PG,MH,5,10,9,z[5],7,1.0
GMM,PG,MH,5,10,9,z[6],7,1.0
GMM,PG,MH,5,10,9,z[7],7,2.0
GMM,PG,MH,5,10,9,z[8],7,1.0
GMM,PG,MH,5,10,9,z[9],7,2.0
GMM,PG,MH,5,10,9,z[10],7,2.0
GMM,PG,MH,5,10,9,μ[1],7,-0.6480662887899756
GMM,PG,MH,5,10,9,μ[2],7,-5.323318293943285
GMM,PG,MH,5,10,9,w[1],8,0.7665111917938485
GMM,PG,MH,5,10,9,w[2],8,0.23348880820615137
GMM,PG,MH,5,10,9,z[1],8,1.0
GMM,PG,MH,5,10,9,z[2],8,2.0
GMM,PG,MH,5,10,9,z[3],8,1.0
GMM,PG,MH,5,10,9,z[4],8,2.0
GMM,PG,MH,5,10,9,z[5],8,1.0
GMM,PG,MH,5,10,9,z[6],8,2.0
GMM,PG,MH,5,10,9,z[7],8,1.0
GMM,PG,MH,5,10,9,z[8],8,2.0
GMM,PG,MH,5,10,9,z[9],8,2.0
GMM,PG,MH,5,10,9,z[10],8,1.0
GMM,PG,MH,5,10,9,μ[1],8,-0.6480662887899756
GMM,PG,MH,5,10,9,μ[2],8,-5.323318293943285
GMM,PG,MH,5,10,9,w[1],9,0.7665111917938485
GMM,PG,MH,5,10,9,w[2],9,0.23348880820615137
GMM,PG,MH,5,10,9,z[1],9,1.0
GMM,PG,MH,5,10,9,z[2],9,2.0
GMM,PG,MH,5,10,9,z[3],9,2.0
GMM,PG,MH,5,10,9,z[4],9,2.0
GMM,PG,MH,5,10,9,z[5],9,1.0
GMM,PG,MH,5,10,9,z[6],9,2.0
GMM,PG,MH,5,10,9,z[7],9,1.0
GMM,PG,MH,5,10,9,z[8],9,2.0
GMM,PG,MH,5,10,9,z[9],9,1.0
GMM,PG,MH,5,10,9,z[10],9,2.0
GMM,PG,MH,5,10,9,μ[1],9,-0.6480662887899756
GMM,PG,MH,5,10,9,μ[2],9,-5.323318293943285
GMM,PG,MH,5,10,9,w[1],10,0.7665111917938485
GMM,PG,MH,5,10,9,w[2],10,0.23348880820615137
GMM,PG,MH,5,10,9,z[1],10,1.0
GMM,PG,MH,5,10,9,z[2],10,2.0
GMM,PG,MH,5,10,9,z[3],10,2.0
GMM,PG,MH,5,10,9,z[4],10,2.0
GMM,PG,MH,5,10,9,z[5],10,2.0
GMM,PG,MH,5,10,9,z[6],10,2.0
GMM,PG,MH,5,10,9,z[7],10,1.0
GMM,PG,MH,5,10,9,z[8],10,2.0
GMM,PG,MH,5,10,9,z[9],10,2.0
GMM,PG,MH,5,10,9,z[10],10,2.0
GMM,PG,MH,5,10,9,μ[1],10,-0.6480662887899756
GMM,PG,MH,5,10,9,μ[2],10,-5.323318293943285
GMM,PG,MH,5,10,10,w[1],1,0.7235977294226669
GMM,PG,MH,5,10,10,w[2],1,0.2764022705773332
GMM,PG,MH,5,10,10,z[1],1,2.0
GMM,PG,MH,5,10,10,z[2],1,2.0
GMM,PG,MH,5,10,10,z[3],1,2.0
GMM,PG,MH,5,10,10,z[4],1,2.0
GMM,PG,MH,5,10,10,z[5],1,2.0
GMM,PG,MH,5,10,10,z[6],1,2.0
GMM,PG,MH,5,10,10,z[7],1,2.0
GMM,PG,MH,5,10,10,z[8],1,2.0
GMM,PG,MH,5,10,10,z[9],1,2.0
GMM,PG,MH,5,10,10,z[10],1,2.0
GMM,PG,MH,5,10,10,μ[1],1,-1.0234045800777298
GMM,PG,MH,5,10,10,μ[2],1,-4.351640469018359
GMM,PG,MH,5,10,10,w[1],2,0.7235977294226669
GMM,PG,MH,5,10,10,w[2],2,0.2764022705773332
GMM,PG,MH,5,10,10,z[1],2,1.0
GMM,PG,MH,5,10,10,z[2],2,1.0
GMM,PG,MH,5,10,10,z[3],2,2.0
GMM,PG,MH,5,10,10,z[4],2,2.0
GMM,PG,MH,5,10,10,z[5],2,2.0
GMM,PG,MH,5,10,10,z[6],2,2.0
GMM,PG,MH,5,10,10,z[7],2,2.0
GMM,PG,MH,5,10,10,z[8],2,2.0
GMM,PG,MH,5,10,10,z[9],2,1.0
GMM,PG,MH,5,10,10,z[10],2,2.0
GMM,PG,MH,5,10,10,μ[1],2,-1.0234045800777298
GMM,PG,MH,5,10,10,μ[2],2,-4.351640469018359
GMM,PG,MH,5,10,10,w[1],3,0.7235977294226669
GMM,PG,MH,5,10,10,w[2],3,0.2764022705773332
GMM,PG,MH,5,10,10,z[1],3,2.0
GMM,PG,MH,5,10,10,z[2],3,2.0
GMM,PG,MH,5,10,10,z[3],3,2.0
GMM,PG,MH,5,10,10,z[4],3,2.0
GMM,PG,MH,5,10,10,z[5],3,2.0
GMM,PG,MH,5,10,10,z[6],3,2.0
GMM,PG,MH,5,10,10,z[7],3,2.0
GMM,PG,MH,5,10,10,z[8],3,2.0
GMM,PG,MH,5,10,10,z[9],3,2.0
GMM,PG,MH,5,10,10,z[10],3,1.0
GMM,PG,MH,5,10,10,μ[1],3,-1.0234045800777298
GMM,PG,MH,5,10,10,μ[2],3,-4.351640469018359
GMM,PG,MH,5,10,10,w[1],4,0.16618006853612854
GMM,PG,MH,5,10,10,w[2],4,0.8338199314638713
GMM,PG,MH,5,10,10,z[1],4,2.0
GMM,PG,MH,5,10,10,z[2],4,2.0
GMM,PG,MH,5,10,10,z[3],4,2.0
GMM,PG,MH,5,10,10,z[4],4,1.0
GMM,PG,MH,5,10,10,z[5],4,2.0
GMM,PG,MH,5,10,10,z[6],4,1.0
GMM,PG,MH,5,10,10,z[7],4,2.0
GMM,PG,MH,5,10,10,z[8],4,2.0
GMM,PG,MH,5,10,10,z[9],4,2.0
GMM,PG,MH,5,10,10,z[10],4,1.0
GMM,PG,MH,5,10,10,μ[1],4,-5.3819525019996615
GMM,PG,MH,5,10,10,μ[2],4,-3.35832119156409
GMM,PG,MH,5,10,10,w[1],5,0.16618006853612854
GMM,PG,MH,5,10,10,w[2],5,0.8338199314638713
GMM,PG,MH,5,10,10,z[1],5,1.0
GMM,PG,MH,5,10,10,z[2],5,1.0
GMM,PG,MH,5,10,10,z[3],5,1.0
GMM,PG,MH,5,10,10,z[4],5,1.0
GMM,PG,MH,5,10,10,z[5],5,2.0
GMM,PG,MH,5,10,10,z[6],5,2.0
GMM,PG,MH,5,10,10,z[7],5,1.0
GMM,PG,MH,5,10,10,z[8],5,1.0
GMM,PG,MH,5,10,10,z[9],5,1.0
GMM,PG,MH,5,10,10,z[10],5,2.0
GMM,PG,MH,5,10,10,μ[1],5,-5.3819525019996615
GMM,PG,MH,5,10,10,μ[2],5,-3.35832119156409
GMM,PG,MH,5,10,10,w[1],6,0.16618006853612854
GMM,PG,MH,5,10,10,w[2],6,0.8338199314638713
GMM,PG,MH,5,10,10,z[1],6,2.0
GMM,PG,MH,5,10,10,z[2],6,2.0
GMM,PG,MH,5,10,10,z[3],6,2.0
GMM,PG,MH,5,10,10,z[4],6,2.0
GMM,PG,MH,5,10,10,z[5],6,2.0
GMM,PG,MH,5,10,10,z[6],6,1.0
GMM,PG,MH,5,10,10,z[7],6,1.0
GMM,PG,MH,5,10,10,z[8],6,2.0
GMM,PG,MH,5,10,10,z[9],6,2.0
GMM,PG,MH,5,10,10,z[10],6,2.0
GMM,PG,MH,5,10,10,μ[1],6,-5.3819525019996615
GMM,PG,MH,5,10,10,μ[2],6,-3.35832119156409
GMM,PG,MH,5,10,10,w[1],7,0.16618006853612854
GMM,PG,MH,5,10,10,w[2],7,0.8338199314638713
GMM,PG,MH,5,10,10,z[1],7,1.0
GMM,PG,MH,5,10,10,z[2],7,1.0
GMM,PG,MH,5,10,10,z[3],7,2.0
GMM,PG,MH,5,10,10,z[4],7,1.0
GMM,PG,MH,5,10,10,z[5],7,2.0
GMM,PG,MH,5,10,10,z[6],7,1.0
GMM,PG,MH,5,10,10,z[7],7,1.0
GMM,PG,MH,5,10,10,z[8],7,2.0
GMM,PG,MH,5,10,10,z[9],7,1.0
GMM,PG,MH,5,10,10,z[10],7,1.0
GMM,PG,MH,5,10,10,μ[1],7,-5.3819525019996615
GMM,PG,MH,5,10,10,μ[2],7,-3.35832119156409
GMM,PG,MH,5,10,10,w[1],8,0.16618006853612854
GMM,PG,MH,5,10,10,w[2],8,0.8338199314638713
GMM,PG,MH,5,10,10,z[1],8,2.0
GMM,PG,MH,5,10,10,z[2],8,1.0
GMM,PG,MH,5,10,10,z[3],8,1.0
GMM,PG,MH,5,10,10,z[4],8,1.0
GMM,PG,MH,5,10,10,z[5],8,2.0
GMM,PG,MH,5,10,10,z[6],8,1.0
GMM,PG,MH,5,10,10,z[7],8,1.0
GMM,PG,MH,5,10,10,z[8],8,1.0
GMM,PG,MH,5,10,10,z[9],8,1.0
GMM,PG,MH,5,10,10,z[10],8,1.0
GMM,PG,MH,5,10,10,μ[1],8,-5.3819525019996615
GMM,PG,MH,5,10,10,μ[2],8,-3.35832119156409
GMM,PG,MH,5,10,10,w[1],9,0.16618006853612854
GMM,PG,MH,5,10,10,w[2],9,0.8338199314638713
GMM,PG,MH,5,10,10,z[1],9,2.0
GMM,PG,MH,5,10,10,z[2],9,2.0
GMM,PG,MH,5,10,10,z[3],9,2.0
GMM,PG,MH,5,10,10,z[4],9,1.0
GMM,PG,MH,5,10,10,z[5],9,2.0
GMM,PG,MH,5,10,10,z[6],9,2.0
GMM,PG,MH,5,10,10,z[7],9,1.0
GMM,PG,MH,5,10,10,z[8],9,1.0
GMM,PG,MH,5,10,10,z[9],9,2.0
GMM,PG,MH,5,10,10,z[10],9,2.0
GMM,PG,MH,5,10,10,μ[1],9,-5.3819525019996615
GMM,PG,MH,5,10,10,μ[2],9,-3.35832119156409
GMM,PG,MH,5,10,10,w[1],10,0.16618006853612854
GMM,PG,MH,5,10,10,w[2],10,0.8338199314638713
GMM,PG,MH,5,10,10,z[1],10,2.0
GMM,PG,MH,5,10,10,z[2],10,2.0
GMM,PG,MH,5,10,10,z[3],10,1.0
GMM,PG,MH,5,10,10,z[4],10,1.0
GMM,PG,MH,5,10,10,z[5],10,2.0
GMM,PG,MH,5,10,10,z[6],10,1.0
GMM,PG,MH,5,10,10,z[7],10,1.0
GMM,PG,MH,5,10,10,z[8],10,2.0
GMM,PG,MH,5,10,10,z[9],10,1.0
GMM,PG,MH,5,10,10,z[10],10,2.0
GMM,PG,MH,5,10,10,μ[1],10,-5.3819525019996615
GMM,PG,MH,5,10,10,μ[2],10,-3.35832119156409
GMM,PG,HMC,5,10,1,w[1],1,0.8444404866647318
GMM,PG,HMC,5,10,1,w[2],1,0.15555951333526818
GMM,PG,HMC,5,10,1,z[1],1,1.0
GMM,PG,HMC,5,10,1,z[2],1,1.0
GMM,PG,HMC,5,10,1,z[3],1,1.0
GMM,PG,HMC,5,10,1,z[4],1,2.0
GMM,PG,HMC,5,10,1,z[5],1,1.0
GMM,PG,HMC,5,10,1,z[6],1,1.0
GMM,PG,HMC,5,10,1,z[7],1,1.0
GMM,PG,HMC,5,10,1,z[8],1,1.0
GMM,PG,HMC,5,10,1,z[9],1,1.0
GMM,PG,HMC,5,10,1,z[10],1,1.0
GMM,PG,HMC,5,10,1,μ[1],1,-10.252629761959135
GMM,PG,HMC,5,10,1,μ[2],1,-3.8095608809570907
GMM,PG,HMC,5,10,1,w[1],2,0.7043100818281872
GMM,PG,HMC,5,10,1,w[2],2,0.2956899181718128
GMM,PG,HMC,5,10,1,z[1],2,1.0
GMM,PG,HMC,5,10,1,z[2],2,1.0
GMM,PG,HMC,5,10,1,z[3],2,2.0
GMM,PG,HMC,5,10,1,z[4],2,2.0
GMM,PG,HMC,5,10,1,z[5],2,1.0
GMM,PG,HMC,5,10,1,z[6],2,2.0
GMM,PG,HMC,5,10,1,z[7],2,1.0
GMM,PG,HMC,5,10,1,z[8],2,1.0
GMM,PG,HMC,5,10,1,z[9],2,2.0
GMM,PG,HMC,5,10,1,z[10],2,1.0
GMM,PG,HMC,5,10,1,μ[1],2,-2.7475739756433524
GMM,PG,HMC,5,10,1,μ[2],2,-7.526181882019679
GMM,PG,HMC,5,10,1,w[1],3,0.4549638288166571
GMM,PG,HMC,5,10,1,w[2],3,0.5450361711833429
GMM,PG,HMC,5,10,1,z[1],3,1.0
GMM,PG,HMC,5,10,1,z[2],3,2.0
GMM,PG,HMC,5,10,1,z[3],3,2.0
GMM,PG,HMC,5,10,1,z[4],3,1.0
GMM,PG,HMC,5,10,1,z[5],3,1.0
GMM,PG,HMC,5,10,1,z[6],3,2.0
GMM,PG,HMC,5,10,1,z[7],3,2.0
GMM,PG,HMC,5,10,1,z[8],3,1.0
GMM,PG,HMC,5,10,1,z[9],3,2.0
GMM,PG,HMC,5,10,1,z[10],3,2.0
GMM,PG,HMC,5,10,1,μ[1],3,-5.750523550098406
GMM,PG,HMC,5,10,1,μ[2],3,-5.94954992298607
GMM,PG,HMC,5,10,1,w[1],4,0.32594481553137555
GMM,PG,HMC,5,10,1,w[2],4,0.6740551844686244
GMM,PG,HMC,5,10,1,z[1],4,2.0
GMM,PG,HMC,5,10,1,z[2],4,1.0
GMM,PG,HMC,5,10,1,z[3],4,1.0
GMM,PG,HMC,5,10,1,z[4],4,1.0
GMM,PG,HMC,5,10,1,z[5],4,2.0
GMM,PG,HMC,5,10,1,z[6],4,1.0
GMM,PG,HMC,5,10,1,z[7],4,2.0
GMM,PG,HMC,5,10,1,z[8],4,2.0
GMM,PG,HMC,5,10,1,z[9],4,2.0
GMM,PG,HMC,5,10,1,z[10],4,1.0
GMM,PG,HMC,5,10,1,μ[1],4,-6.4692547715947955
GMM,PG,HMC,5,10,1,μ[2],4,-5.659629363090163
GMM,PG,HMC,5,10,1,w[1],5,0.11955208720758445
GMM,PG,HMC,5,10,1,w[2],5,0.8804479127924155
GMM,PG,HMC,5,10,1,z[1],5,2.0
GMM,PG,HMC,5,10,1,z[2],5,2.0
GMM,PG,HMC,5,10,1,z[3],5,2.0
GMM,PG,HMC,5,10,1,z[4],5,2.0
GMM,PG,HMC,5,10,1,z[5],5,2.0
GMM,PG,HMC,5,10,1,z[6],5,1.0
GMM,PG,HMC,5,10,1,z[7],5,2.0
GMM,PG,HMC,5,10,1,z[8],5,2.0
GMM,PG,HMC,5,10,1,z[9],5,2.0
GMM,PG,HMC,5,10,1,z[10],5,2.0
GMM,PG,HMC,5,10,1,μ[1],5,-5.948594557712429
GMM,PG,HMC,5,10,1,μ[2],5,-6.282831682634441
GMM,PG,HMC,5,10,1,w[1],6,0.08689445758511119
GMM,PG,HMC,5,10,1,w[2],6,0.9131055424148888
GMM,PG,HMC,5,10,1,z[1],6,2.0
GMM,PG,HMC,5,10,1,z[2],6,2.0
GMM,PG,HMC,5,10,1,z[3],6,2.0
GMM,PG,HMC,5,10,1,z[4],6,2.0
GMM,PG,HMC,5,10,1,z[5],6,2.0
GMM,PG,HMC,5,10,1,z[6],6,2.0
GMM,PG,HMC,5,10,1,z[7],6,2.0
GMM,PG,HMC,5,10,1,z[8],6,1.0
GMM,PG,HMC,5,10,1,z[9],6,2.0
GMM,PG,HMC,5,10,1,z[10],6,2.0
GMM,PG,HMC,5,10,1,μ[1],6,-6.71179789364456
GMM,PG,HMC,5,10,1,μ[2],6,-5.692272347697165
GMM,PG,HMC,5,10,1,w[1],7,0.04886303198020414
GMM,PG,HMC,5,10,1,w[2],7,0.9511369680197959
GMM,PG,HMC,5,10,1,z[1],7,2.0
GMM,PG,HMC,5,10,1,z[2],7,2.0
GMM,PG,HMC,5,10,1,z[3],7,2.0
GMM,PG,HMC,5,10,1,z[4],7,2.0
GMM,PG,HMC,5,10,1,z[5],7,2.0
GMM,PG,HMC,5,10,1,z[6],7,2.0
GMM,PG,HMC,5,10,1,z[7],7,2.0
GMM,PG,HMC,5,10,1,z[8],7,2.0
GMM,PG,HMC,5,10,1,z[9],7,2.0
GMM,PG,HMC,5,10,1,z[10],7,2.0
GMM,PG,HMC,5,10,1,μ[1],7,-4.964458070314364
GMM,PG,HMC,5,10,1,μ[2],7,-6.309805549388685
GMM,PG,HMC,5,10,1,w[1],8,0.019527487748627503
GMM,PG,HMC,5,10,1,w[2],8,0.9804725122513724
GMM,PG,HMC,5,10,1,z[1],8,2.0
GMM,PG,HMC,5,10,1,z[2],8,2.0
GMM,PG,HMC,5,10,1,z[3],8,2.0
GMM,PG,HMC,5,10,1,z[4],8,2.0
GMM,PG,HMC,5,10,1,z[5],8,2.0
GMM,PG,HMC,5,10,1,z[6],8,2.0
GMM,PG,HMC,5,10,1,z[7],8,2.0
GMM,PG,HMC,5,10,1,z[8],8,2.0
GMM,PG,HMC,5,10,1,z[9],8,2.0
GMM,PG,HMC,5,10,1,z[10],8,2.0
GMM,PG,HMC,5,10,1,μ[1],8,-4.780600409216354
GMM,PG,HMC,5,10,1,μ[2],8,-5.659800161381788
GMM,PG,HMC,5,10,1,w[1],9,0.009622937967006497
GMM,PG,HMC,5,10,1,w[2],9,0.9903770620329935
GMM,PG,HMC,5,10,1,z[1],9,2.0
GMM,PG,HMC,5,10,1,z[2],9,2.0
GMM,PG,HMC,5,10,1,z[3],9,2.0
GMM,PG,HMC,5,10,1,z[4],9,2.0
GMM,PG,HMC,5,10,1,z[5],9,2.0
GMM,PG,HMC,5,10,1,z[6],9,2.0
GMM,PG,HMC,5,10,1,z[7],9,2.0
GMM,PG,HMC,5,10,1,z[8],9,2.0
GMM,PG,HMC,5,10,1,z[9],9,2.0
GMM,PG,HMC,5,10,1,z[10],9,2.0
GMM,PG,HMC,5,10,1,μ[1],9,-4.784627956440124
GMM,PG,HMC,5,10,1,μ[2],9,-6.303110803182899
GMM,PG,HMC,5,10,1,w[1],10,0.019721597372698883
GMM,PG,HMC,5,10,1,w[2],10,0.9802784026273011
GMM,PG,HMC,5,10,1,z[1],10,2.0
GMM,PG,HMC,5,10,1,z[2],10,2.0
GMM,PG,HMC,5,10,1,z[3],10,2.0
GMM,PG,HMC,5,10,1,z[4],10,2.0
GMM,PG,HMC,5,10,1,z[5],10,2.0
GMM,PG,HMC,5,10,1,z[6],10,2.0
GMM,PG,HMC,5,10,1,z[7],10,2.0
GMM,PG,HMC,5,10,1,z[8],10,2.0
GMM,PG,HMC,5,10,1,z[9],10,2.0
GMM,PG,HMC,5,10,1,z[10],10,2.0
GMM,PG,HMC,5,10,1,μ[1],10,-4.565985241941531
GMM,PG,HMC,5,10,1,μ[2],10,-5.677556351131984
GMM,PG,HMC,5,10,2,w[1],1,0.03493929902646607
GMM,PG,HMC,5,10,2,w[2],1,0.9650607009735339
GMM,PG,HMC,5,10,2,z[1],1,2.0
GMM,PG,HMC,5,10,2,z[2],1,2.0
GMM,PG,HMC,5,10,2,z[3],1,2.0
GMM,PG,HMC,5,10,2,z[4],1,2.0
GMM,PG,HMC,5,10,2,z[5],1,2.0
GMM,PG,HMC,5,10,2,z[6],1,2.0
GMM,PG,HMC,5,10,2,z[7],1,2.0
GMM,PG,HMC,5,10,2,z[8],1,2.0
GMM,PG,HMC,5,10,2,z[9],1,2.0
GMM,PG,HMC,5,10,2,z[10],1,2.0
GMM,PG,HMC,5,10,2,μ[1],1,2.2929101620940298
GMM,PG,HMC,5,10,2,μ[2],1,-10.325860206064366
GMM,PG,HMC,5,10,2,w[1],2,0.023463767895610575
GMM,PG,HMC,5,10,2,w[2],2,0.9765362321043894
GMM,PG,HMC,5,10,2,z[1],2,2.0
GMM,PG,HMC,5,10,2,z[2],2,2.0
GMM,PG,HMC,5,10,2,z[3],2,2.0
GMM,PG,HMC,5,10,2,z[4],2,2.0
GMM,PG,HMC,5,10,2,z[5],2,2.0
GMM,PG,HMC,5,10,2,z[6],2,2.0
GMM,PG,HMC,5,10,2,z[7],2,2.0
GMM,PG,HMC,5,10,2,z[8],2,2.0
GMM,PG,HMC,5,10,2,z[9],2,2.0
GMM,PG,HMC,5,10,2,z[10],2,2.0
GMM,PG,HMC,5,10,2,μ[1],2,2.606784165778466
GMM,PG,HMC,5,10,2,μ[2],2,-1.6438597092856624
GMM,PG,HMC,5,10,2,w[1],3,0.00894414957052871
GMM,PG,HMC,5,10,2,w[2],3,0.9910558504294713
GMM,PG,HMC,5,10,2,z[1],3,2.0
GMM,PG,HMC,5,10,2,z[2],3,2.0
GMM,PG,HMC,5,10,2,z[3],3,2.0
GMM,PG,HMC,5,10,2,z[4],3,2.0
GMM,PG,HMC,5,10,2,z[5],3,2.0
GMM,PG,HMC,5,10,2,z[6],3,2.0
GMM,PG,HMC,5,10,2,z[7],3,2.0
GMM,PG,HMC,5,10,2,z[8],3,2.0
GMM,PG,HMC,5,10,2,z[9],3,2.0
GMM,PG,HMC,5,10,2,z[10],3,2.0
GMM,PG,HMC,5,10,2,μ[1],3,3.8568121118301106
GMM,PG,HMC,5,10,2,μ[2],3,-10.347894972374759
GMM,PG,HMC,5,10,2,w[1],4,0.01241982376253805
GMM,PG,HMC,5,10,2,w[2],4,0.987580176237462
GMM,PG,HMC,5,10,2,z[1],4,2.0
GMM,PG,HMC,5,10,2,z[2],4,2.0
GMM,PG,HMC,5,10,2,z[3],4,2.0
GMM,PG,HMC,5,10,2,z[4],4,2.0
GMM,PG,HMC,5,10,2,z[5],4,2.0
GMM,PG,HMC,5,10,2,z[6],4,2.0
GMM,PG,HMC,5,10,2,z[7],4,2.0
GMM,PG,HMC,5,10,2,z[8],4,2.0
GMM,PG,HMC,5,10,2,z[9],4,2.0
GMM,PG,HMC,5,10,2,z[10],4,2.0
GMM,PG,HMC,5,10,2,μ[1],4,4.275384004923647
GMM,PG,HMC,5,10,2,μ[2],4,-1.6317747525503221
GMM,PG,HMC,5,10,2,w[1],5,0.016105021693296095
GMM,PG,HMC,5,10,2,w[2],5,0.9838949783067039
GMM,PG,HMC,5,10,2,z[1],5,2.0
GMM,PG,HMC,5,10,2,z[2],5,2.0
GMM,PG,HMC,5,10,2,z[3],5,2.0
GMM,PG,HMC,5,10,2,z[4],5,2.0
GMM,PG,HMC,5,10,2,z[5],5,2.0
GMM,PG,HMC,5,10,2,z[6],5,2.0
GMM,PG,HMC,5,10,2,z[7],5,2.0
GMM,PG,HMC,5,10,2,z[8],5,2.0
GMM,PG,HMC,5,10,2,z[9],5,2.0
GMM,PG,HMC,5,10,2,z[10],5,2.0
GMM,PG,HMC,5,10,2,μ[1],5,3.65588145002662
GMM,PG,HMC,5,10,2,μ[2],5,-10.354141323606859
GMM,PG,HMC,5,10,2,w[1],6,0.05124388718895079
GMM,PG,HMC,5,10,2,w[2],6,0.9487561128110492
GMM,PG,HMC,5,10,2,z[1],6,2.0
GMM,PG,HMC,5,10,2,z[2],6,2.0
GMM,PG,HMC,5,10,2,z[3],6,2.0
GMM,PG,HMC,5,10,2,z[4],6,2.0
GMM,PG,HMC,5,10,2,z[5],6,2.0
GMM,PG,HMC,5,10,2,z[6],6,2.0
GMM,PG,HMC,5,10,2,z[7],6,2.0
GMM,PG,HMC,5,10,2,z[8],6,2.0
GMM,PG,HMC,5,10,2,z[9],6,2.0
GMM,PG,HMC,5,10,2,z[10],6,2.0
GMM,PG,HMC,5,10,2,μ[1],6,3.535737565280025
GMM,PG,HMC,5,10,2,μ[2],6,-1.633116252829273
GMM,PG,HMC,5,10,2,w[1],7,0.035710208406270975
GMM,PG,HMC,5,10,2,w[2],7,0.9642897915937291
GMM,PG,HMC,5,10,2,z[1],7,2.0
GMM,PG,HMC,5,10,2,z[2],7,2.0
GMM,PG,HMC,5,10,2,z[3],7,2.0
GMM,PG,HMC,5,10,2,z[4],7,2.0
GMM,PG,HMC,5,10,2,z[5],7,2.0
GMM,PG,HMC,5,10,2,z[6],7,2.0
GMM,PG,HMC,5,10,2,z[7],7,2.0
GMM,PG,HMC,5,10,2,z[8],7,2.0
GMM,PG,HMC,5,10,2,z[9],7,2.0
GMM,PG,HMC,5,10,2,z[10],7,2.0
GMM,PG,HMC,5,10,2,μ[1],7,2.459302445691646
GMM,PG,HMC,5,10,2,μ[2],7,-10.335842931885542
GMM,PG,HMC,5,10,2,w[1],8,0.0439453692162659
GMM,PG,HMC,5,10,2,w[2],8,0.9560546307837341
GMM,PG,HMC,5,10,2,z[1],8,2.0
GMM,PG,HMC,5,10,2,z[2],8,2.0
GMM,PG,HMC,5,10,2,z[3],8,2.0
GMM,PG,HMC,5,10,2,z[4],8,2.0
GMM,PG,HMC,5,10,2,z[5],8,2.0
GMM,PG,HMC,5,10,2,z[6],8,2.0
GMM,PG,HMC,5,10,2,z[7],8,2.0
GMM,PG,HMC,5,10,2,z[8],8,2.0
GMM,PG,HMC,5,10,2,z[9],8,2.0
GMM,PG,HMC,5,10,2,z[10],8,2.0
GMM,PG,HMC,5,10,2,μ[1],8,1.0493737626172162
GMM,PG,HMC,5,10,2,μ[2],8,-1.645753315113239
GMM,PG,HMC,5,10,2,w[1],9,0.014528177413765619
GMM,PG,HMC,5,10,2,w[2],9,0.9854718225862343
GMM,PG,HMC,5,10,2,z[1],9,2.0
GMM,PG,HMC,5,10,2,z[2],9,2.0
GMM,PG,HMC,5,10,2,z[3],9,2.0
GMM,PG,HMC,5,10,2,z[4],9,2.0
GMM,PG,HMC,5,10,2,z[5],9,2.0
GMM,PG,HMC,5,10,2,z[6],9,2.0
GMM,PG,HMC,5,10,2,z[7],9,2.0
GMM,PG,HMC,5,10,2,z[8],9,2.0
GMM,PG,HMC,5,10,2,z[9],9,2.0
GMM,PG,HMC,5,10,2,z[10],9,2.0
GMM,PG,HMC,5,10,2,μ[1],9,2.204904765930706
GMM,PG,HMC,5,10,2,μ[2],9,-10.335281656325552
GMM,PG,HMC,5,10,2,w[1],10,0.014997113849888848
GMM,PG,HMC,5,10,2,w[2],10,0.9850028861501111
GMM,PG,HMC,5,10,2,z[1],10,2.0
GMM,PG,HMC,5,10,2,z[2],10,2.0
GMM,PG,HMC,5,10,2,z[3],10,2.0
GMM,PG,HMC,5,10,2,z[4],10,2.0
GMM,PG,HMC,5,10,2,z[5],10,2.0
GMM,PG,HMC,5,10,2,z[6],10,2.0
GMM,PG,HMC,5,10,2,z[7],10,2.0
GMM,PG,HMC,5,10,2,z[8],10,2.0
GMM,PG,HMC,5,10,2,z[9],10,2.0
GMM,PG,HMC,5,10,2,z[10],10,2.0
GMM,PG,HMC,5,10,2,μ[1],10,0.9354383881030734
GMM,PG,HMC,5,10,2,μ[2],10,-1.6437662902714005
GMM,PG,HMC,5,10,3,w[1],1,0.1123240369727601
GMM,PG,HMC,5,10,3,w[2],1,0.88767596302724
GMM,PG,HMC,5,10,3,z[1],1,2.0
GMM,PG,HMC,5,10,3,z[2],1,2.0
GMM,PG,HMC,5,10,3,z[3],1,2.0
GMM,PG,HMC,5,10,3,z[4],1,2.0
GMM,PG,HMC,5,10,3,z[5],1,2.0
GMM,PG,HMC,5,10,3,z[6],1,2.0
GMM,PG,HMC,5,10,3,z[7],1,2.0
GMM,PG,HMC,5,10,3,z[8],1,2.0
GMM,PG,HMC,5,10,3,z[9],1,2.0
GMM,PG,HMC,5,10,3,z[10],1,2.0
GMM,PG,HMC,5,10,3,μ[1],1,2.2635811931823393
GMM,PG,HMC,5,10,3,μ[2],1,-9.727810245026468
GMM,PG,HMC,5,10,3,w[1],2,0.2121395472563442
GMM,PG,HMC,5,10,3,w[2],2,0.7878604527436558
GMM,PG,HMC,5,10,3,z[1],2,2.0
GMM,PG,HMC,5,10,3,z[2],2,2.0
GMM,PG,HMC,5,10,3,z[3],2,2.0
GMM,PG,HMC,5,10,3,z[4],2,2.0
GMM,PG,HMC,5,10,3,z[5],2,2.0
GMM,PG,HMC,5,10,3,z[6],2,2.0
GMM,PG,HMC,5,10,3,z[7],2,2.0
GMM,PG,HMC,5,10,3,z[8],2,2.0
GMM,PG,HMC,5,10,3,z[9],2,2.0
GMM,PG,HMC,5,10,3,z[10],2,2.0
GMM,PG,HMC,5,10,3,μ[1],2,3.8582157248567284
GMM,PG,HMC,5,10,3,μ[2],2,-2.24508094476849
GMM,PG,HMC,5,10,3,w[1],3,0.08534331583214018
GMM,PG,HMC,5,10,3,w[2],3,0.9146566841678598
GMM,PG,HMC,5,10,3,z[1],3,2.0
GMM,PG,HMC,5,10,3,z[2],3,2.0
GMM,PG,HMC,5,10,3,z[3],3,2.0
GMM,PG,HMC,5,10,3,z[4],3,2.0
GMM,PG,HMC,5,10,3,z[5],3,2.0
GMM,PG,HMC,5,10,3,z[6],3,2.0
GMM,PG,HMC,5,10,3,z[7],3,2.0
GMM,PG,HMC,5,10,3,z[8],3,2.0
GMM,PG,HMC,5,10,3,z[9],3,2.0
GMM,PG,HMC,5,10,3,z[10],3,2.0
GMM,PG,HMC,5,10,3,μ[1],3,1.9814792711454614
GMM,PG,HMC,5,10,3,μ[2],3,-9.73146962781411
GMM,PG,HMC,5,10,3,w[1],4,0.1477886762974739
GMM,PG,HMC,5,10,3,w[2],4,0.8522113237025262
GMM,PG,HMC,5,10,3,z[1],4,2.0
GMM,PG,HMC,5,10,3,z[2],4,2.0
GMM,PG,HMC,5,10,3,z[3],4,2.0
GMM,PG,HMC,5,10,3,z[4],4,2.0
GMM,PG,HMC,5,10,3,z[5],4,2.0
GMM,PG,HMC,5,10,3,z[6],4,2.0
GMM,PG,HMC,5,10,3,z[7],4,2.0
GMM,PG,HMC,5,10,3,z[8],4,2.0
GMM,PG,HMC,5,10,3,z[9],4,2.0
GMM,PG,HMC,5,10,3,z[10],4,2.0
GMM,PG,HMC,5,10,3,μ[1],4,0.6542806410824434
GMM,PG,HMC,5,10,3,μ[2],4,-2.2604507573560744
GMM,PG,HMC,5,10,3,w[1],5,0.03531983485682535
GMM,PG,HMC,5,10,3,w[2],5,0.9646801651431747
GMM,PG,HMC,5,10,3,z[1],5,2.0
GMM,PG,HMC,5,10,3,z[2],5,2.0
GMM,PG,HMC,5,10,3,z[3],5,2.0
GMM,PG,HMC,5,10,3,z[4],5,2.0
GMM,PG,HMC,5,10,3,z[5],5,2.0
GMM,PG,HMC,5,10,3,z[6],5,2.0
GMM,PG,HMC,5,10,3,z[7],5,2.0
GMM,PG,HMC,5,10,3,z[8],5,2.0
GMM,PG,HMC,5,10,3,z[9],5,2.0
GMM,PG,HMC,5,10,3,z[10],5,2.0
GMM,PG,HMC,5,10,3,μ[1],5,1.9457209021510462
GMM,PG,HMC,5,10,3,μ[2],5,-9.725954756406033
GMM,PG,HMC,5,10,3,w[1],6,0.029567464075910398
GMM,PG,HMC,5,10,3,w[2],6,0.9704325359240896
GMM,PG,HMC,5,10,3,z[1],6,2.0
GMM,PG,HMC,5,10,3,z[2],6,2.0
GMM,PG,HMC,5,10,3,z[3],6,2.0
GMM,PG,HMC,5,10,3,z[4],6,2.0
GMM,PG,HMC,5,10,3,z[5],6,2.0
GMM,PG,HMC,5,10,3,z[6],6,2.0
GMM,PG,HMC,5,10,3,z[7],6,2.0
GMM,PG,HMC,5,10,3,z[8],6,2.0
GMM,PG,HMC,5,10,3,z[9],6,2.0
GMM,PG,HMC,5,10,3,z[10],6,2.0
GMM,PG,HMC,5,10,3,μ[1],6,3.623459883415652
GMM,PG,HMC,5,10,3,μ[2],6,-2.2563798873362817
GMM,PG,HMC,5,10,3,w[1],7,0.004357926050076158
GMM,PG,HMC,5,10,3,w[2],7,0.9956420739499239
GMM,PG,HMC,5,10,3,z[1],7,2.0
GMM,PG,HMC,5,10,3,z[2],7,2.0
GMM,PG,HMC,5,10,3,z[3],7,2.0
GMM,PG,HMC,5,10,3,z[4],7,2.0
GMM,PG,HMC,5,10,3,z[5],7,2.0
GMM,PG,HMC,5,10,3,z[6],7,2.0
GMM,PG,HMC,5,10,3,z[7],7,2.0
GMM,PG,HMC,5,10,3,z[8],7,2.0
GMM,PG,HMC,5,10,3,z[9],7,2.0
GMM,PG,HMC,5,10,3,z[10],7,2.0
GMM,PG,HMC,5,10,3,μ[1],7,3.420642485371906
GMM,PG,HMC,5,10,3,μ[2],7,-9.726691434261829
GMM,PG,HMC,5,10,3,w[1],8,0.004930913470178648
GMM,PG,HMC,5,10,3,w[2],8,0.9950690865298214
GMM,PG,HMC,5,10,3,z[1],8,2.0
GMM,PG,HMC,5,10,3,z[2],8,2.0
GMM,PG,HMC,5,10,3,z[3],8,2.0
GMM,PG,HMC,5,10,3,z[4],8,2.0
GMM,PG,HMC,5,10,3,z[5],8,2.0
GMM,PG,HMC,5,10,3,z[6],8,2.0
GMM,PG,HMC,5,10,3,z[7],8,2.0
GMM,PG,HMC,5,10,3,z[8],8,2.0
GMM,PG,HMC,5,10,3,z[9],8,2.0
GMM,PG,HMC,5,10,3,z[10],8,2.0
GMM,PG,HMC,5,10,3,μ[1],8,4.481383420747192
GMM,PG,HMC,5,10,3,μ[2],8,-2.2200869807659327
GMM,PG,HMC,5,10,3,w[1],9,0.0076473558443416745
GMM,PG,HMC,5,10,3,w[2],9,0.9923526441556583
GMM,PG,HMC,5,10,3,z[1],9,2.0
GMM,PG,HMC,5,10,3,z[2],9,2.0
GMM,PG,HMC,5,10,3,z[3],9,2.0
GMM,PG,HMC,5,10,3,z[4],9,2.0
GMM,PG,HMC,5,10,3,z[5],9,2.0
GMM,PG,HMC,5,10,3,z[6],9,2.0
GMM,PG,HMC,5,10,3,z[7],9,2.0
GMM,PG,HMC,5,10,3,z[8],9,2.0
GMM,PG,HMC,5,10,3,z[9],9,2.0
GMM,PG,HMC,5,10,3,z[10],9,2.0
GMM,PG,HMC,5,10,3,μ[1],9,4.488818556906805
GMM,PG,HMC,5,10,3,μ[2],9,-9.77392500004462
GMM,PG,HMC,5,10,3,w[1],10,0.010088876320076578
GMM,PG,HMC,5,10,3,w[2],10,0.9899111236799234
GMM,PG,HMC,5,10,3,z[1],10,2.0
GMM,PG,HMC,5,10,3,z[2],10,2.0
GMM,PG,HMC,5,10,3,z[3],10,2.0
GMM,PG,HMC,5,10,3,z[4],10,2.0
GMM,PG,HMC,5,10,3,z[5],10,2.0
GMM,PG,HMC,5,10,3,z[6],10,2.0
GMM,PG,HMC,5,10,3,z[7],10,2.0
GMM,PG,HMC,5,10,3,z[8],10,2.0
GMM,PG,HMC,5,10,3,z[9],10,2.0
GMM,PG,HMC,5,10,3,z[10],10,2.0
GMM,PG,HMC,5,10,3,μ[1],10,4.305372579934562
GMM,PG,HMC,5,10,3,μ[2],10,-2.218543261469016
GMM,PG,HMC,5,10,4,w[1],1,0.08919629917374867
GMM,PG,HMC,5,10,4,w[2],1,0.9108037008262513
GMM,PG,HMC,5,10,4,z[1],1,2.0
GMM,PG,HMC,5,10,4,z[2],1,2.0
GMM,PG,HMC,5,10,4,z[3],1,2.0
GMM,PG,HMC,5,10,4,z[4],1,2.0
GMM,PG,HMC,5,10,4,z[5],1,2.0
GMM,PG,HMC,5,10,4,z[6],1,2.0
GMM,PG,HMC,5,10,4,z[7],1,2.0
GMM,PG,HMC,5,10,4,z[8],1,2.0
GMM,PG,HMC,5,10,4,z[9],1,2.0
GMM,PG,HMC,5,10,4,z[10],1,2.0
GMM,PG,HMC,5,10,4,μ[1],1,-1.575173125883285
GMM,PG,HMC,5,10,4,μ[2],1,-8.228424735660012
GMM,PG,HMC,5,10,4,w[1],2,0.26814501046227257
GMM,PG,HMC,5,10,4,w[2],2,0.7318549895377274
GMM,PG,HMC,5,10,4,z[1],2,2.0
GMM,PG,HMC,5,10,4,z[2],2,2.0
GMM,PG,HMC,5,10,4,z[3],2,2.0
GMM,PG,HMC,5,10,4,z[4],2,2.0
GMM,PG,HMC,5,10,4,z[5],2,1.0
GMM,PG,HMC,5,10,4,z[6],2,2.0
GMM,PG,HMC,5,10,4,z[7],2,2.0
GMM,PG,HMC,5,10,4,z[8],2,2.0
GMM,PG,HMC,5,10,4,z[9],2,2.0
GMM,PG,HMC,5,10,4,z[10],2,2.0
GMM,PG,HMC,5,10,4,μ[1],2,-1.83074542440495
GMM,PG,HMC,5,10,4,μ[2],2,-4.24781514024623
GMM,PG,HMC,5,10,4,w[1],3,0.13203243920018937
GMM,PG,HMC,5,10,4,w[2],3,0.8679675607998106
GMM,PG,HMC,5,10,4,z[1],3,2.0
GMM,PG,HMC,5,10,4,z[2],3,2.0
GMM,PG,HMC,5,10,4,z[3],3,2.0
GMM,PG,HMC,5,10,4,z[4],3,2.0
GMM,PG,HMC,5,10,4,z[5],3,2.0
GMM,PG,HMC,5,10,4,z[6],3,2.0
GMM,PG,HMC,5,10,4,z[7],3,2.0
GMM,PG,HMC,5,10,4,z[8],3,2.0
GMM,PG,HMC,5,10,4,z[9],3,2.0
GMM,PG,HMC,5,10,4,z[10],3,2.0
GMM,PG,HMC,5,10,4,μ[1],3,-1.2621896201264897
GMM,PG,HMC,5,10,4,μ[2],3,-7.726772595226396
GMM,PG,HMC,5,10,4,w[1],4,0.1235243088112285
GMM,PG,HMC,5,10,4,w[2],4,0.8764756911887714
GMM,PG,HMC,5,10,4,z[1],4,2.0
GMM,PG,HMC,5,10,4,z[2],4,2.0
GMM,PG,HMC,5,10,4,z[3],4,2.0
GMM,PG,HMC,5,10,4,z[4],4,2.0
GMM,PG,HMC,5,10,4,z[5],4,2.0
GMM,PG,HMC,5,10,4,z[6],4,2.0
GMM,PG,HMC,5,10,4,z[7],4,2.0
GMM,PG,HMC,5,10,4,z[8],4,2.0
GMM,PG,HMC,5,10,4,z[9],4,2.0
GMM,PG,HMC,5,10,4,z[10],4,2.0
GMM,PG,HMC,5,10,4,μ[1],4,-0.7230985653908266
GMM,PG,HMC,5,10,4,μ[2],4,-4.247132708039048
GMM,PG,HMC,5,10,4,w[1],5,0.12371927153560958
GMM,PG,HMC,5,10,4,w[2],5,0.8762807284643904
GMM,PG,HMC,5,10,4,z[1],5,2.0
GMM,PG,HMC,5,10,4,z[2],5,2.0
GMM,PG,HMC,5,10,4,z[3],5,2.0
GMM,PG,HMC,5,10,4,z[4],5,2.0
GMM,PG,HMC,5,10,4,z[5],5,2.0
GMM,PG,HMC,5,10,4,z[6],5,2.0
GMM,PG,HMC,5,10,4,z[7],5,2.0
GMM,PG,HMC,5,10,4,z[8],5,2.0
GMM,PG,HMC,5,10,4,z[9],5,2.0
GMM,PG,HMC,5,10,4,z[10],5,2.0
GMM,PG,HMC,5,10,4,μ[1],5,0.166732194021057
GMM,PG,HMC,5,10,4,μ[2],5,-7.728617537314732
GMM,PG,HMC,5,10,4,w[1],6,0.014384382506136701
GMM,PG,HMC,5,10,4,w[2],6,0.9856156174938633
GMM,PG,HMC,5,10,4,z[1],6,2.0
GMM,PG,HMC,5,10,4,z[2],6,2.0
GMM,PG,HMC,5,10,4,z[3],6,2.0
GMM,PG,HMC,5,10,4,z[4],6,2.0
GMM,PG,HMC,5,10,4,z[5],6,2.0
GMM,PG,HMC,5,10,4,z[6],6,2.0
GMM,PG,HMC,5,10,4,z[7],6,2.0
GMM,PG,HMC,5,10,4,z[8],6,2.0
GMM,PG,HMC,5,10,4,z[9],6,2.0
GMM,PG,HMC,5,10,4,z[10],6,2.0
GMM,PG,HMC,5,10,4,μ[1],6,1.3296543204882552
GMM,PG,HMC,5,10,4,μ[2],6,-4.2493936276508775
GMM,PG,HMC,5,10,4,w[1],7,0.003765272605316983
GMM,PG,HMC,5,10,4,w[2],7,0.996234727394683
GMM,PG,HMC,5,10,4,z[1],7,2.0
GMM,PG,HMC,5,10,4,z[2],7,2.0
GMM,PG,HMC,5,10,4,z[3],7,2.0
GMM,PG,HMC,5,10,4,z[4],7,2.0
GMM,PG,HMC,5,10,4,z[5],7,2.0
GMM,PG,HMC,5,10,4,z[6],7,2.0
GMM,PG,HMC,5,10,4,z[7],7,2.0
GMM,PG,HMC,5,10,4,z[8],7,2.0
GMM,PG,HMC,5,10,4,z[9],7,2.0
GMM,PG,HMC,5,10,4,z[10],7,2.0
GMM,PG,HMC,5,10,4,μ[1],7,1.0191373614041865
GMM,PG,HMC,5,10,4,μ[2],7,-7.709069931893181
GMM,PG,HMC,5,10,4,w[1],8,0.005102379710394498
GMM,PG,HMC,5,10,4,w[2],8,0.9948976202896055
GMM,PG,HMC,5,10,4,z[1],8,2.0
GMM,PG,HMC,5,10,4,z[2],8,2.0
GMM,PG,HMC,5,10,4,z[3],8,2.0
GMM,PG,HMC,5,10,4,z[4],8,2.0
GMM,PG,HMC,5,10,4,z[5],8,2.0
GMM,PG,HMC,5,10,4,z[6],8,2.0
GMM,PG,HMC,5,10,4,z[7],8,2.0
GMM,PG,HMC,5,10,4,z[8],8,2.0
GMM,PG,HMC,5,10,4,z[9],8,2.0
GMM,PG,HMC,5,10,4,z[10],8,2.0
GMM,PG,HMC,5,10,4,μ[1],8,1.2389214408487728
GMM,PG,HMC,5,10,4,μ[2],8,-4.261532931655457
GMM,PG,HMC,5,10,4,w[1],9,0.00545992345152024
GMM,PG,HMC,5,10,4,w[2],9,0.9945400765484798
GMM,PG,HMC,5,10,4,z[1],9,2.0
GMM,PG,HMC,5,10,4,z[2],9,2.0
GMM,PG,HMC,5,10,4,z[3],9,2.0
GMM,PG,HMC,5,10,4,z[4],9,2.0
GMM,PG,HMC,5,10,4,z[5],9,2.0
GMM,PG,HMC,5,10,4,z[6],9,2.0
GMM,PG,HMC,5,10,4,z[7],9,2.0
GMM,PG,HMC,5,10,4,z[8],9,2.0
GMM,PG,HMC,5,10,4,z[9],9,2.0
GMM,PG,HMC,5,10,4,z[10],9,2.0
GMM,PG,HMC,5,10,4,μ[1],9,1.109027454339886
GMM,PG,HMC,5,10,4,μ[2],9,-7.716556494976976
GMM,PG,HMC,5,10,4,w[1],10,0.00791726122962546
GMM,PG,HMC,5,10,4,w[2],10,0.9920827387703746
GMM,PG,HMC,5,10,4,z[1],10,2.0
GMM,PG,HMC,5,10,4,z[2],10,2.0
GMM,PG,HMC,5,10,4,z[3],10,2.0
GMM,PG,HMC,5,10,4,z[4],10,2.0
GMM,PG,HMC,5,10,4,z[5],10,2.0
GMM,PG,HMC,5,10,4,z[6],10,2.0
GMM,PG,HMC,5,10,4,z[7],10,2.0
GMM,PG,HMC,5,10,4,z[8],10,2.0
GMM,PG,HMC,5,10,4,z[9],10,2.0
GMM,PG,HMC,5,10,4,z[10],10,2.0
GMM,PG,HMC,5,10,4,μ[1],10,-0.18719663441821432
GMM,PG,HMC,5,10,4,μ[2],10,-4.2732399297786055
GMM,PG,HMC,5,10,5,w[1],1,0.8267362279224425
GMM,PG,HMC,5,10,5,w[2],1,0.1732637720775575
GMM,PG,HMC,5,10,5,z[1],1,1.0
GMM,PG,HMC,5,10,5,z[2],1,1.0
GMM,PG,HMC,5,10,5,z[3],1,2.0
GMM,PG,HMC,5,10,5,z[4],1,1.0
GMM,PG,HMC,5,10,5,z[5],1,1.0
GMM,PG,HMC,5,10,5,z[6],1,1.0
GMM,PG,HMC,5,10,5,z[7],1,2.0
GMM,PG,HMC,5,10,5,z[8],1,1.0
GMM,PG,HMC,5,10,5,z[9],1,1.0
GMM,PG,HMC,5,10,5,z[10],1,1.0
GMM,PG,HMC,5,10,5,μ[1],1,-22.33614729266272
GMM,PG,HMC,5,10,5,μ[2],1,-6.5071679264252476
GMM,PG,HMC,5,10,5,w[1],2,0.3410228414135339
GMM,PG,HMC,5,10,5,w[2],2,0.6589771585864661
GMM,PG,HMC,5,10,5,z[1],2,2.0
GMM,PG,HMC,5,10,5,z[2],2,1.0
GMM,PG,HMC,5,10,5,z[3],2,2.0
GMM,PG,HMC,5,10,5,z[4],2,1.0
GMM,PG,HMC,5,10,5,z[5],2,1.0
GMM,PG,HMC,5,10,5,z[6],2,2.0
GMM,PG,HMC,5,10,5,z[7],2,2.0
GMM,PG,HMC,5,10,5,z[8],2,2.0
GMM,PG,HMC,5,10,5,z[9],2,2.0
GMM,PG,HMC,5,10,5,z[10],2,2.0
GMM,PG,HMC,5,10,5,μ[1],2,-1.7998495720966576
GMM,PG,HMC,5,10,5,μ[2],2,-6.018438391131804
GMM,PG,HMC,5,10,5,w[1],3,0.06427604545476677
GMM,PG,HMC,5,10,5,w[2],3,0.9357239545452333
GMM,PG,HMC,5,10,5,z[1],3,2.0
GMM,PG,HMC,5,10,5,z[2],3,2.0
GMM,PG,HMC,5,10,5,z[3],3,2.0
GMM,PG,HMC,5,10,5,z[4],3,2.0
GMM,PG,HMC,5,10,5,z[5],3,2.0
GMM,PG,HMC,5,10,5,z[6],3,2.0
GMM,PG,HMC,5,10,5,z[7],3,2.0
GMM,PG,HMC,5,10,5,z[8],3,2.0
GMM,PG,HMC,5,10,5,z[9],3,2.0
GMM,PG,HMC,5,10,5,z[10],3,2.0
GMM,PG,HMC,5,10,5,μ[1],3,-2.479690653555582
GMM,PG,HMC,5,10,5,μ[2],3,-5.972333051714714
GMM,PG,HMC,5,10,5,w[1],4,0.021947749723212326
GMM,PG,HMC,5,10,5,w[2],4,0.9780522502767877
GMM,PG,HMC,5,10,5,z[1],4,2.0
GMM,PG,HMC,5,10,5,z[2],4,2.0
GMM,PG,HMC,5,10,5,z[3],4,2.0
GMM,PG,HMC,5,10,5,z[4],4,2.0
GMM,PG,HMC,5,10,5,z[5],4,2.0
GMM,PG,HMC,5,10,5,z[6],4,2.0
GMM,PG,HMC,5,10,5,z[7],4,2.0
GMM,PG,HMC,5,10,5,z[8],4,2.0
GMM,PG,HMC,5,10,5,z[9],4,2.0
GMM,PG,HMC,5,10,5,z[10],4,2.0
GMM,PG,HMC,5,10,5,μ[1],4,-2.7862824334137626
GMM,PG,HMC,5,10,5,μ[2],4,-6.0313339598375375
GMM,PG,HMC,5,10,5,w[1],5,0.04462179194869726
GMM,PG,HMC,5,10,5,w[2],5,0.9553782080513027
GMM,PG,HMC,5,10,5,z[1],5,2.0
GMM,PG,HMC,5,10,5,z[2],5,2.0
GMM,PG,HMC,5,10,5,z[3],5,2.0
GMM,PG,HMC,5,10,5,z[4],5,2.0
GMM,PG,HMC,5,10,5,z[5],5,2.0
GMM,PG,HMC,5,10,5,z[6],5,2.0
GMM,PG,HMC,5,10,5,z[7],5,2.0
GMM,PG,HMC,5,10,5,z[8],5,2.0
GMM,PG,HMC,5,10,5,z[9],5,2.0
GMM,PG,HMC,5,10,5,z[10],5,2.0
GMM,PG,HMC,5,10,5,μ[1],5,-2.229353825777401
GMM,PG,HMC,5,10,5,μ[2],5,-5.948116301120519
GMM,PG,HMC,5,10,5,w[1],6,0.19258837602654202
GMM,PG,HMC,5,10,5,w[2],6,0.807411623973458
GMM,PG,HMC,5,10,5,z[1],6,2.0
GMM,PG,HMC,5,10,5,z[2],6,2.0
GMM,PG,HMC,5,10,5,z[3],6,2.0
GMM,PG,HMC,5,10,5,z[4],6,2.0
GMM,PG,HMC,5,10,5,z[5],6,2.0
GMM,PG,HMC,5,10,5,z[6],6,2.0
GMM,PG,HMC,5,10,5,z[7],6,2.0
GMM,PG,HMC,5,10,5,z[8],6,2.0
GMM,PG,HMC,5,10,5,z[9],6,2.0
GMM,PG,HMC,5,10,5,z[10],6,2.0
GMM,PG,HMC,5,10,5,μ[1],6,-1.2926887361324817
GMM,PG,HMC,5,10,5,μ[2],6,-6.024890395008607
GMM,PG,HMC,5,10,5,w[1],7,0.09681905561924914
GMM,PG,HMC,5,10,5,w[2],7,0.9031809443807508
GMM,PG,HMC,5,10,5,z[1],7,2.0
GMM,PG,HMC,5,10,5,z[2],7,2.0
GMM,PG,HMC,5,10,5,z[3],7,2.0
GMM,PG,HMC,5,10,5,z[4],7,2.0
GMM,PG,HMC,5,10,5,z[5],7,2.0
GMM,PG,HMC,5,10,5,z[6],7,2.0
GMM,PG,HMC,5,10,5,z[7],7,2.0
GMM,PG,HMC,5,10,5,z[8],7,2.0
GMM,PG,HMC,5,10,5,z[9],7,2.0
GMM,PG,HMC,5,10,5,z[10],7,2.0
GMM,PG,HMC,5,10,5,μ[1],7,-1.2727297528960995
GMM,PG,HMC,5,10,5,μ[2],7,-5.973750040692772
GMM,PG,HMC,5,10,5,w[1],8,0.02151009256085477
GMM,PG,HMC,5,10,5,w[2],8,0.9784899074391452
GMM,PG,HMC,5,10,5,z[1],8,2.0
GMM,PG,HMC,5,10,5,z[2],8,2.0
GMM,PG,HMC,5,10,5,z[3],8,2.0
GMM,PG,HMC,5,10,5,z[4],8,2.0
GMM,PG,HMC,5,10,5,z[5],8,2.0
GMM,PG,HMC,5,10,5,z[6],8,2.0
GMM,PG,HMC,5,10,5,z[7],8,2.0
GMM,PG,HMC,5,10,5,z[8],8,2.0
GMM,PG,HMC,5,10,5,z[9],8,2.0
GMM,PG,HMC,5,10,5,z[10],8,2.0
GMM,PG,HMC,5,10,5,μ[1],8,0.26494815368865415
GMM,PG,HMC,5,10,5,μ[2],8,-6.02004995603542
GMM,PG,HMC,5,10,5,w[1],9,0.004956733120473117
GMM,PG,HMC,5,10,5,w[2],9,0.9950432668795269
GMM,PG,HMC,5,10,5,z[1],9,2.0
GMM,PG,HMC,5,10,5,z[2],9,2.0
GMM,PG,HMC,5,10,5,z[3],9,2.0
GMM,PG,HMC,5,10,5,z[4],9,2.0
GMM,PG,HMC,5,10,5,z[5],9,2.0
GMM,PG,HMC,5,10,5,z[6],9,2.0
GMM,PG,HMC,5,10,5,z[7],9,2.0
GMM,PG,HMC,5,10,5,z[8],9,2.0
GMM,PG,HMC,5,10,5,z[9],9,2.0
GMM,PG,HMC,5,10,5,z[10],9,2.0
GMM,PG,HMC,5,10,5,μ[1],9,0.23457199999287046
GMM,PG,HMC,5,10,5,μ[2],9,-5.991784748248077
GMM,PG,HMC,5,10,5,w[1],10,0.003950283312176081
GMM,PG,HMC,5,10,5,w[2],10,0.9960497166878239
GMM,PG,HMC,5,10,5,z[1],10,2.0
GMM,PG,HMC,5,10,5,z[2],10,2.0
GMM,PG,HMC,5,10,5,z[3],10,2.0
GMM,PG,HMC,5,10,5,z[4],10,2.0
GMM,PG,HMC,5,10,5,z[5],10,2.0
GMM,PG,HMC,5,10,5,z[6],10,2.0
GMM,PG,HMC,5,10,5,z[7],10,2.0
GMM,PG,HMC,5,10,5,z[8],10,2.0
GMM,PG,HMC,5,10,5,z[9],10,2.0
GMM,PG,HMC,5,10,5,z[10],10,2.0
GMM,PG,HMC,5,10,5,μ[1],10,0.2784772358463153
GMM,PG,HMC,5,10,5,μ[2],10,-5.9867726894269095
GMM,PG,HMC,5,10,6,w[1],1,0.8033896628486469
GMM,PG,HMC,5,10,6,w[2],1,0.19661033715135312
GMM,PG,HMC,5,10,6,z[1],1,1.0
GMM,PG,HMC,5,10,6,z[2],1,2.0
GMM,PG,HMC,5,10,6,z[3],1,2.0
GMM,PG,HMC,5,10,6,z[4],1,1.0
GMM,PG,HMC,5,10,6,z[5],1,1.0
GMM,PG,HMC,5,10,6,z[6],1,1.0
GMM,PG,HMC,5,10,6,z[7],1,1.0
GMM,PG,HMC,5,10,6,z[8],1,1.0
GMM,PG,HMC,5,10,6,z[9],1,1.0
GMM,PG,HMC,5,10,6,z[10],1,1.0
GMM,PG,HMC,5,10,6,μ[1],1,-11.323114002698583
GMM,PG,HMC,5,10,6,μ[2],1,-5.519937474709835
GMM,PG,HMC,5,10,6,w[1],2,0.4744956854449885
GMM,PG,HMC,5,10,6,w[2],2,0.5255043145550116
GMM,PG,HMC,5,10,6,z[1],2,1.0
GMM,PG,HMC,5,10,6,z[2],2,2.0
GMM,PG,HMC,5,10,6,z[3],2,1.0
GMM,PG,HMC,5,10,6,z[4],2,2.0
GMM,PG,HMC,5,10,6,z[5],2,2.0
GMM,PG,HMC,5,10,6,z[6],2,1.0
GMM,PG,HMC,5,10,6,z[7],2,1.0
GMM,PG,HMC,5,10,6,z[8],2,1.0
GMM,PG,HMC,5,10,6,z[9],2,2.0
GMM,PG,HMC,5,10,6,z[10],2,1.0
GMM,PG,HMC,5,10,6,μ[1],2,-2.545673269604286
GMM,PG,HMC,5,10,6,μ[2],2,-5.586395813535903
GMM,PG,HMC,5,10,6,w[1],3,0.17547556418277918
GMM,PG,HMC,5,10,6,w[2],3,0.8245244358172208
GMM,PG,HMC,5,10,6,z[1],3,2.0
GMM,PG,HMC,5,10,6,z[2],3,2.0
GMM,PG,HMC,5,10,6,z[3],3,2.0
GMM,PG,HMC,5,10,6,z[4],3,2.0
GMM,PG,HMC,5,10,6,z[5],3,2.0
GMM,PG,HMC,5,10,6,z[6],3,2.0
GMM,PG,HMC,5,10,6,z[7],3,2.0
GMM,PG,HMC,5,10,6,z[8],3,2.0
GMM,PG,HMC,5,10,6,z[9],3,2.0
GMM,PG,HMC,5,10,6,z[10],3,2.0
GMM,PG,HMC,5,10,6,μ[1],3,-2.531296932149339
GMM,PG,HMC,5,10,6,μ[2],3,-6.380023073052985
GMM,PG,HMC,5,10,6,w[1],4,0.1497392795373364
GMM,PG,HMC,5,10,6,w[2],4,0.8502607204626635
GMM,PG,HMC,5,10,6,z[1],4,2.0
GMM,PG,HMC,5,10,6,z[2],4,2.0
GMM,PG,HMC,5,10,6,z[3],4,2.0
GMM,PG,HMC,5,10,6,z[4],4,2.0
GMM,PG,HMC,5,10,6,z[5],4,1.0
GMM,PG,HMC,5,10,6,z[6],4,2.0
GMM,PG,HMC,5,10,6,z[7],4,2.0
GMM,PG,HMC,5,10,6,z[8],4,2.0
GMM,PG,HMC,5,10,6,z[9],4,2.0
GMM,PG,HMC,5,10,6,z[10],4,2.0
GMM,PG,HMC,5,10,6,μ[1],4,-2.3894521680888685
GMM,PG,HMC,5,10,6,μ[2],4,-6.068234438273846
GMM,PG,HMC,5,10,6,w[1],5,0.10208243065553643
GMM,PG,HMC,5,10,6,w[2],5,0.8979175693444635
GMM,PG,HMC,5,10,6,z[1],5,2.0
GMM,PG,HMC,5,10,6,z[2],5,2.0
GMM,PG,HMC,5,10,6,z[3],5,2.0
GMM,PG,HMC,5,10,6,z[4],5,2.0
GMM,PG,HMC,5,10,6,z[5],5,2.0
GMM,PG,HMC,5,10,6,z[6],5,2.0
GMM,PG,HMC,5,10,6,z[7],5,2.0
GMM,PG,HMC,5,10,6,z[8],5,2.0
GMM,PG,HMC,5,10,6,z[9],5,2.0
GMM,PG,HMC,5,10,6,z[10],5,2.0
GMM,PG,HMC,5,10,6,μ[1],5,-0.6443265959136688
GMM,PG,HMC,5,10,6,μ[2],5,-5.901152759227168
GMM,PG,HMC,5,10,6,w[1],6,0.1580590106434158
GMM,PG,HMC,5,10,6,w[2],6,0.8419409893565842
GMM,PG,HMC,5,10,6,z[1],6,2.0
GMM,PG,HMC,5,10,6,z[2],6,2.0
GMM,PG,HMC,5,10,6,z[3],6,2.0
GMM,PG,HMC,5,10,6,z[4],6,2.0
GMM,PG,HMC,5,10,6,z[5],6,2.0
GMM,PG,HMC,5,10,6,z[6],6,2.0
GMM,PG,HMC,5,10,6,z[7],6,2.0
GMM,PG,HMC,5,10,6,z[8],6,2.0
GMM,PG,HMC,5,10,6,z[9],6,2.0
GMM,PG,HMC,5,10,6,z[10],6,2.0
GMM,PG,HMC,5,10,6,μ[1],6,0.30044076341298454
GMM,PG,HMC,5,10,6,μ[2],6,-6.0736307754008365
GMM,PG,HMC,5,10,6,w[1],7,0.054818276612866625
GMM,PG,HMC,5,10,6,w[2],7,0.9451817233871334
GMM,PG,HMC,5,10,6,z[1],7,2.0
GMM,PG,HMC,5,10,6,z[2],7,2.0
GMM,PG,HMC,5,10,6,z[3],7,2.0
GMM,PG,HMC,5,10,6,z[4],7,2.0
GMM,PG,HMC,5,10,6,z[5],7,2.0
GMM,PG,HMC,5,10,6,z[6],7,2.0
GMM,PG,HMC,5,10,6,z[7],7,2.0
GMM,PG,HMC,5,10,6,z[8],7,2.0
GMM,PG,HMC,5,10,6,z[9],7,2.0
GMM,PG,HMC,5,10,6,z[10],7,2.0
GMM,PG,HMC,5,10,6,μ[1],7,0.02222520974494748
GMM,PG,HMC,5,10,6,μ[2],7,-5.8980207755025935
GMM,PG,HMC,5,10,6,w[1],8,0.03201762949342154
GMM,PG,HMC,5,10,6,w[2],8,0.9679823705065784
GMM,PG,HMC,5,10,6,z[1],8,2.0
GMM,PG,HMC,5,10,6,z[2],8,2.0
GMM,PG,HMC,5,10,6,z[3],8,2.0
GMM,PG,HMC,5,10,6,z[4],8,2.0
GMM,PG,HMC,5,10,6,z[5],8,2.0
GMM,PG,HMC,5,10,6,z[6],8,2.0
GMM,PG,HMC,5,10,6,z[7],8,2.0
GMM,PG,HMC,5,10,6,z[8],8,2.0
GMM,PG,HMC,5,10,6,z[9],8,2.0
GMM,PG,HMC,5,10,6,z[10],8,2.0
GMM,PG,HMC,5,10,6,μ[1],8,-1.9923469166113628
GMM,PG,HMC,5,10,6,μ[2],8,-6.108414023223808
GMM,PG,HMC,5,10,6,w[1],9,0.04104399619803953
GMM,PG,HMC,5,10,6,w[2],9,0.9589560038019604
GMM,PG,HMC,5,10,6,z[1],9,2.0
GMM,PG,HMC,5,10,6,z[2],9,2.0
GMM,PG,HMC,5,10,6,z[3],9,2.0
GMM,PG,HMC,5,10,6,z[4],9,2.0
GMM,PG,HMC,5,10,6,z[5],9,2.0
GMM,PG,HMC,5,10,6,z[6],9,2.0
GMM,PG,HMC,5,10,6,z[7],9,2.0
GMM,PG,HMC,5,10,6,z[8],9,2.0
GMM,PG,HMC,5,10,6,z[9],9,2.0
GMM,PG,HMC,5,10,6,z[10],9,2.0
GMM,PG,HMC,5,10,6,μ[1],9,-2.151912020952491
GMM,PG,HMC,5,10,6,μ[2],9,-5.858629511629182
GMM,PG,HMC,5,10,6,w[1],10,0.03684739013637304
GMM,PG,HMC,5,10,6,w[2],10,0.9631526098636269
GMM,PG,HMC,5,10,6,z[1],10,2.0
GMM,PG,HMC,5,10,6,z[2],10,2.0
GMM,PG,HMC,5,10,6,z[3],10,2.0
GMM,PG,HMC,5,10,6,z[4],10,2.0
GMM,PG,HMC,5,10,6,z[5],10,2.0
GMM,PG,HMC,5,10,6,z[6],10,2.0
GMM,PG,HMC,5,10,6,z[7],10,2.0
GMM,PG,HMC,5,10,6,z[8],10,2.0
GMM,PG,HMC,5,10,6,z[9],10,2.0
GMM,PG,HMC,5,10,6,z[10],10,2.0
GMM,PG,HMC,5,10,6,μ[1],10,-1.7862379449347605
GMM,PG,HMC,5,10,6,μ[2],10,-6.139553327135644
GMM,PG,HMC,5,10,7,w[1],1,0.2002482658176983
GMM,PG,HMC,5,10,7,w[2],1,0.7997517341823017
GMM,PG,HMC,5,10,7,z[1],1,2.0
GMM,PG,HMC,5,10,7,z[2],1,2.0
GMM,PG,HMC,5,10,7,z[3],1,2.0
GMM,PG,HMC,5,10,7,z[4],1,2.0
GMM,PG,HMC,5,10,7,z[5],1,2.0
GMM,PG,HMC,5,10,7,z[6],1,2.0
GMM,PG,HMC,5,10,7,z[7],1,2.0
GMM,PG,HMC,5,10,7,z[8],1,2.0
GMM,PG,HMC,5,10,7,z[9],1,2.0
GMM,PG,HMC,5,10,7,z[10],1,2.0
GMM,PG,HMC,5,10,7,μ[1],1,6.57127126707329
GMM,PG,HMC,5,10,7,μ[2],1,-15.237260678269251
GMM,PG,HMC,5,10,7,w[1],2,0.16144301174388015
GMM,PG,HMC,5,10,7,w[2],2,0.8385569882561199
GMM,PG,HMC,5,10,7,z[1],2,2.0
GMM,PG,HMC,5,10,7,z[2],2,2.0
GMM,PG,HMC,5,10,7,z[3],2,2.0
GMM,PG,HMC,5,10,7,z[4],2,2.0
GMM,PG,HMC,5,10,7,z[5],2,1.0
GMM,PG,HMC,5,10,7,z[6],2,2.0
GMM,PG,HMC,5,10,7,z[7],2,2.0
GMM,PG,HMC,5,10,7,z[8],2,2.0
GMM,PG,HMC,5,10,7,z[9],2,2.0
GMM,PG,HMC,5,10,7,z[10],2,2.0
GMM,PG,HMC,5,10,7,μ[1],2,2.0822176918751287
GMM,PG,HMC,5,10,7,μ[2],2,2.625338112807773
GMM,PG,HMC,5,10,7,w[1],3,0.8010494926433982
GMM,PG,HMC,5,10,7,w[2],3,0.1989505073566018
GMM,PG,HMC,5,10,7,z[1],3,2.0
GMM,PG,HMC,5,10,7,z[2],3,2.0
GMM,PG,HMC,5,10,7,z[3],3,1.0
GMM,PG,HMC,5,10,7,z[4],3,1.0
GMM,PG,HMC,5,10,7,z[5],3,2.0
GMM,PG,HMC,5,10,7,z[6],3,1.0
GMM,PG,HMC,5,10,7,z[7],3,1.0
GMM,PG,HMC,5,10,7,z[8],3,2.0
GMM,PG,HMC,5,10,7,z[9],3,1.0
GMM,PG,HMC,5,10,7,z[10],3,1.0
GMM,PG,HMC,5,10,7,μ[1],3,-13.167405982772456
GMM,PG,HMC,5,10,7,μ[2],3,-8.892254118169019
GMM,PG,HMC,5,10,7,w[1],4,0.172945256686242
GMM,PG,HMC,5,10,7,w[2],4,0.8270547433137581
GMM,PG,HMC,5,10,7,z[1],4,1.0
GMM,PG,HMC,5,10,7,z[2],4,2.0
GMM,PG,HMC,5,10,7,z[3],4,2.0
GMM,PG,HMC,5,10,7,z[4],4,1.0
GMM,PG,HMC,5,10,7,z[5],4,2.0
GMM,PG,HMC,5,10,7,z[6],4,2.0
GMM,PG,HMC,5,10,7,z[7],4,2.0
GMM,PG,HMC,5,10,7,z[8],4,2.0
GMM,PG,HMC,5,10,7,z[9],4,1.0
GMM,PG,HMC,5,10,7,z[10],4,2.0
GMM,PG,HMC,5,10,7,μ[1],4,-4.315628244475975
GMM,PG,HMC,5,10,7,μ[2],4,-3.757683079651397
GMM,PG,HMC,5,10,7,w[1],5,0.33290724345632944
GMM,PG,HMC,5,10,7,w[2],5,0.6670927565436706
GMM,PG,HMC,5,10,7,z[1],5,2.0
GMM,PG,HMC,5,10,7,z[2],5,1.0
GMM,PG,HMC,5,10,7,z[3],5,2.0
GMM,PG,HMC,5,10,7,z[4],5,2.0
GMM,PG,HMC,5,10,7,z[5],5,2.0
GMM,PG,HMC,5,10,7,z[6],5,2.0
GMM,PG,HMC,5,10,7,z[7],5,1.0
GMM,PG,HMC,5,10,7,z[8],5,2.0
GMM,PG,HMC,5,10,7,z[9],5,2.0
GMM,PG,HMC,5,10,7,z[10],5,2.0
GMM,PG,HMC,5,10,7,μ[1],5,-6.216342401796857
GMM,PG,HMC,5,10,7,μ[2],5,-7.637304477850791
GMM,PG,HMC,5,10,7,w[1],6,0.8618015417917982
GMM,PG,HMC,5,10,7,w[2],6,0.13819845820820176
GMM,PG,HMC,5,10,7,z[1],6,1.0
GMM,PG,HMC,5,10,7,z[2],6,1.0
GMM,PG,HMC,5,10,7,z[3],6,1.0
GMM,PG,HMC,5,10,7,z[4],6,1.0
GMM,PG,HMC,5,10,7,z[5],6,1.0
GMM,PG,HMC,5,10,7,z[6],6,2.0
GMM,PG,HMC,5,10,7,z[7],6,1.0
GMM,PG,HMC,5,10,7,z[8],6,2.0
GMM,PG,HMC,5,10,7,z[9],6,1.0
GMM,PG,HMC,5,10,7,z[10],6,2.0
GMM,PG,HMC,5,10,7,μ[1],6,-5.374163983658902
GMM,PG,HMC,5,10,7,μ[2],6,-6.757241517853666
GMM,PG,HMC,5,10,7,w[1],7,0.8374622347804427
GMM,PG,HMC,5,10,7,w[2],7,0.16253776521955732
GMM,PG,HMC,5,10,7,z[1],7,1.0
GMM,PG,HMC,5,10,7,z[2],7,1.0
GMM,PG,HMC,5,10,7,z[3],7,1.0
GMM,PG,HMC,5,10,7,z[4],7,1.0
GMM,PG,HMC,5,10,7,z[5],7,1.0
GMM,PG,HMC,5,10,7,z[6],7,1.0
GMM,PG,HMC,5,10,7,z[7],7,1.0
GMM,PG,HMC,5,10,7,z[8],7,1.0
GMM,PG,HMC,5,10,7,z[9],7,1.0
GMM,PG,HMC,5,10,7,z[10],7,1.0
GMM,PG,HMC,5,10,7,μ[1],7,-6.604964007802337
GMM,PG,HMC,5,10,7,μ[2],7,-7.790496347948528
GMM,PG,HMC,5,10,7,w[1],8,0.8035408650841402
GMM,PG,HMC,5,10,7,w[2],8,0.19645913491585976
GMM,PG,HMC,5,10,7,z[1],8,1.0
GMM,PG,HMC,5,10,7,z[2],8,1.0
GMM,PG,HMC,5,10,7,z[3],8,1.0
GMM,PG,HMC,5,10,7,z[4],8,1.0
GMM,PG,HMC,5,10,7,z[5],8,1.0
GMM,PG,HMC,5,10,7,z[6],8,1.0
GMM,PG,HMC,5,10,7,z[7],8,1.0
GMM,PG,HMC,5,10,7,z[8],8,1.0
GMM,PG,HMC,5,10,7,z[9],8,1.0
GMM,PG,HMC,5,10,7,z[10],8,2.0
GMM,PG,HMC,5,10,7,μ[1],8,-5.203623050491341
GMM,PG,HMC,5,10,7,μ[2],8,-8.128417054331228
GMM,PG,HMC,5,10,7,w[1],9,0.8554599191134218
GMM,PG,HMC,5,10,7,w[2],9,0.14454008088657821
GMM,PG,HMC,5,10,7,z[1],9,1.0
GMM,PG,HMC,5,10,7,z[2],9,1.0
GMM,PG,HMC,5,10,7,z[3],9,1.0
GMM,PG,HMC,5,10,7,z[4],9,1.0
GMM,PG,HMC,5,10,7,z[5],9,1.0
GMM,PG,HMC,5,10,7,z[6],9,1.0
GMM,PG,HMC,5,10,7,z[7],9,1.0
GMM,PG,HMC,5,10,7,z[8],9,2.0
GMM,PG,HMC,5,10,7,z[9],9,1.0
GMM,PG,HMC,5,10,7,z[10],9,1.0
GMM,PG,HMC,5,10,7,μ[1],9,-6.738319956232825
GMM,PG,HMC,5,10,7,μ[2],9,-6.878097772481225
GMM,PG,HMC,5,10,7,w[1],10,0.9604724862767255
GMM,PG,HMC,5,10,7,w[2],10,0.039527513723274454
GMM,PG,HMC,5,10,7,z[1],10,2.0
GMM,PG,HMC,5,10,7,z[2],10,1.0
GMM,PG,HMC,5,10,7,z[3],10,2.0
GMM,PG,HMC,5,10,7,z[4],10,1.0
GMM,PG,HMC,5,10,7,z[5],10,1.0
GMM,PG,HMC,5,10,7,z[6],10,1.0
GMM,PG,HMC,5,10,7,z[7],10,1.0
GMM,PG,HMC,5,10,7,z[8],10,1.0
GMM,PG,HMC,5,10,7,z[9],10,1.0
GMM,PG,HMC,5,10,7,z[10],10,1.0
GMM,PG,HMC,5,10,7,μ[1],10,-5.288614556729292
GMM,PG,HMC,5,10,7,μ[2],10,-5.949048783275122
GMM,PG,HMC,5,10,8,w[1],1,0.17921601643359167
GMM,PG,HMC,5,10,8,w[2],1,0.8207839835664084
GMM,PG,HMC,5,10,8,z[1],1,2.0
GMM,PG,HMC,5,10,8,z[2],1,2.0
GMM,PG,HMC,5,10,8,z[3],1,2.0
GMM,PG,HMC,5,10,8,z[4],1,2.0
GMM,PG,HMC,5,10,8,z[5],1,2.0
GMM,PG,HMC,5,10,8,z[6],1,2.0
GMM,PG,HMC,5,10,8,z[7],1,1.0
GMM,PG,HMC,5,10,8,z[8],1,2.0
GMM,PG,HMC,5,10,8,z[9],1,2.0
GMM,PG,HMC,5,10,8,z[10],1,2.0
GMM,PG,HMC,5,10,8,μ[1],1,-9.022124295735912
GMM,PG,HMC,5,10,8,μ[2],1,-7.483395481291023
GMM,PG,HMC,5,10,8,w[1],2,0.14376055498247195
GMM,PG,HMC,5,10,8,w[2],2,0.856239445017528
GMM,PG,HMC,5,10,8,z[1],2,2.0
GMM,PG,HMC,5,10,8,z[2],2,2.0
GMM,PG,HMC,5,10,8,z[3],2,2.0
GMM,PG,HMC,5,10,8,z[4],2,2.0
GMM,PG,HMC,5,10,8,z[5],2,2.0
GMM,PG,HMC,5,10,8,z[6],2,2.0
GMM,PG,HMC,5,10,8,z[7],2,2.0
GMM,PG,HMC,5,10,8,z[8],2,2.0
GMM,PG,HMC,5,10,8,z[9],2,2.0
GMM,PG,HMC,5,10,8,z[10],2,2.0
GMM,PG,HMC,5,10,8,μ[1],2,-9.369459748738711
GMM,PG,HMC,5,10,8,μ[2],2,-4.500031399094292
GMM,PG,HMC,5,10,8,w[1],3,0.15232541937284186
GMM,PG,HMC,5,10,8,w[2],3,0.8476745806271582
GMM,PG,HMC,5,10,8,z[1],3,2.0
GMM,PG,HMC,5,10,8,z[2],3,2.0
GMM,PG,HMC,5,10,8,z[3],3,2.0
GMM,PG,HMC,5,10,8,z[4],3,2.0
GMM,PG,HMC,5,10,8,z[5],3,2.0
GMM,PG,HMC,5,10,8,z[6],3,2.0
GMM,PG,HMC,5,10,8,z[7],3,1.0
GMM,PG,HMC,5,10,8,z[8],3,2.0
GMM,PG,HMC,5,10,8,z[9],3,2.0
GMM,PG,HMC,5,10,8,z[10],3,2.0
GMM,PG,HMC,5,10,8,μ[1],3,-8.667153347674246
GMM,PG,HMC,5,10,8,μ[2],3,-7.149732799777547
GMM,PG,HMC,5,10,8,w[1],4,0.22793998849752525
GMM,PG,HMC,5,10,8,w[2],4,0.7720600115024747
GMM,PG,HMC,5,10,8,z[1],4,2.0
GMM,PG,HMC,5,10,8,z[2],4,2.0
GMM,PG,HMC,5,10,8,z[3],4,2.0
GMM,PG,HMC,5,10,8,z[4],4,2.0
GMM,PG,HMC,5,10,8,z[5],4,2.0
GMM,PG,HMC,5,10,8,z[6],4,1.0
GMM,PG,HMC,5,10,8,z[7],4,2.0
GMM,PG,HMC,5,10,8,z[8],4,2.0
GMM,PG,HMC,5,10,8,z[9],4,2.0
GMM,PG,HMC,5,10,8,z[10],4,2.0
GMM,PG,HMC,5,10,8,μ[1],4,-6.511857182033941
GMM,PG,HMC,5,10,8,μ[2],4,-4.825054347263322
GMM,PG,HMC,5,10,8,w[1],5,0.4720185910042702
GMM,PG,HMC,5,10,8,w[2],5,0.5279814089957298
GMM,PG,HMC,5,10,8,z[1],5,2.0
GMM,PG,HMC,5,10,8,z[2],5,2.0
GMM,PG,HMC,5,10,8,z[3],5,2.0
GMM,PG,HMC,5,10,8,z[4],5,2.0
GMM,PG,HMC,5,10,8,z[5],5,2.0
GMM,PG,HMC,5,10,8,z[6],5,2.0
GMM,PG,HMC,5,10,8,z[7],5,1.0
GMM,PG,HMC,5,10,8,z[8],5,2.0
GMM,PG,HMC,5,10,8,z[9],5,2.0
GMM,PG,HMC,5,10,8,z[10],5,2.0
GMM,PG,HMC,5,10,8,μ[1],5,-8.207010939370647
GMM,PG,HMC,5,10,8,μ[2],5,-6.821732911155194
GMM,PG,HMC,5,10,8,w[1],6,0.22942083089994303
GMM,PG,HMC,5,10,8,w[2],6,0.770579169100057
GMM,PG,HMC,5,10,8,z[1],6,2.0
GMM,PG,HMC,5,10,8,z[2],6,1.0
GMM,PG,HMC,5,10,8,z[3],6,1.0
GMM,PG,HMC,5,10,8,z[4],6,2.0
GMM,PG,HMC,5,10,8,z[5],6,2.0
GMM,PG,HMC,5,10,8,z[6],6,1.0
GMM,PG,HMC,5,10,8,z[7],6,2.0
GMM,PG,HMC,5,10,8,z[8],6,2.0
GMM,PG,HMC,5,10,8,z[9],6,2.0
GMM,PG,HMC,5,10,8,z[10],6,1.0
GMM,PG,HMC,5,10,8,μ[1],6,-5.488729050073076
GMM,PG,HMC,5,10,8,μ[2],6,-4.296837904952994
GMM,PG,HMC,5,10,8,w[1],7,0.6827144409092856
GMM,PG,HMC,5,10,8,w[2],7,0.31728555909071443
GMM,PG,HMC,5,10,8,z[1],7,2.0
GMM,PG,HMC,5,10,8,z[2],7,1.0
GMM,PG,HMC,5,10,8,z[3],7,1.0
GMM,PG,HMC,5,10,8,z[4],7,2.0
GMM,PG,HMC,5,10,8,z[5],7,2.0
GMM,PG,HMC,5,10,8,z[6],7,2.0
GMM,PG,HMC,5,10,8,z[7],7,1.0
GMM,PG,HMC,5,10,8,z[8],7,1.0
GMM,PG,HMC,5,10,8,z[9],7,1.0
GMM,PG,HMC,5,10,8,z[10],7,1.0
GMM,PG,HMC,5,10,8,μ[1],7,-7.740246293466046
GMM,PG,HMC,5,10,8,μ[2],7,-5.044089967338447
GMM,PG,HMC,5,10,8,w[1],8,0.7698424000878031
GMM,PG,HMC,5,10,8,w[2],8,0.23015759991219686
GMM,PG,HMC,5,10,8,z[1],8,2.0
GMM,PG,HMC,5,10,8,z[2],8,1.0
GMM,PG,HMC,5,10,8,z[3],8,2.0
GMM,PG,HMC,5,10,8,z[4],8,2.0
GMM,PG,HMC,5,10,8,z[5],8,2.0
GMM,PG,HMC,5,10,8,z[6],8,2.0
GMM,PG,HMC,5,10,8,z[7],8,1.0
GMM,PG,HMC,5,10,8,z[8],8,1.0
GMM,PG,HMC,5,10,8,z[9],8,1.0
GMM,PG,HMC,5,10,8,z[10],8,1.0
GMM,PG,HMC,5,10,8,μ[1],8,-5.400051895176024
GMM,PG,HMC,5,10,8,μ[2],8,-5.857352118195284
GMM,PG,HMC,5,10,8,w[1],9,0.9228247518797891
GMM,PG,HMC,5,10,8,w[2],9,0.07717524812021093
GMM,PG,HMC,5,10,8,z[1],9,1.0
GMM,PG,HMC,5,10,8,z[2],9,1.0
GMM,PG,HMC,5,10,8,z[3],9,1.0
GMM,PG,HMC,5,10,8,z[4],9,1.0
GMM,PG,HMC,5,10,8,z[5],9,1.0
GMM,PG,HMC,5,10,8,z[6],9,2.0
GMM,PG,HMC,5,10,8,z[7],9,1.0
GMM,PG,HMC,5,10,8,z[8],9,1.0
GMM,PG,HMC,5,10,8,z[9],9,1.0
GMM,PG,HMC,5,10,8,z[10],9,1.0
GMM,PG,HMC,5,10,8,μ[1],9,-6.548540767882621
GMM,PG,HMC,5,10,8,μ[2],9,-6.92757762201893
GMM,PG,HMC,5,10,8,w[1],10,0.6910484087085025
GMM,PG,HMC,5,10,8,w[2],10,0.3089515912914975
GMM,PG,HMC,5,10,8,z[1],10,2.0
GMM,PG,HMC,5,10,8,z[2],10,1.0
GMM,PG,HMC,5,10,8,z[3],10,1.0
GMM,PG,HMC,5,10,8,z[4],10,1.0
GMM,PG,HMC,5,10,8,z[5],10,1.0
GMM,PG,HMC,5,10,8,z[6],10,1.0
GMM,PG,HMC,5,10,8,z[7],10,1.0
GMM,PG,HMC,5,10,8,z[8],10,2.0
GMM,PG,HMC,5,10,8,z[9],10,1.0
GMM,PG,HMC,5,10,8,z[10],10,2.0
GMM,PG,HMC,5,10,8,μ[1],10,-5.412282923681949
GMM,PG,HMC,5,10,8,μ[2],10,-5.465786408625863
GMM,PG,HMC,5,10,9,w[1],1,0.8081378910473794
GMM,PG,HMC,5,10,9,w[2],1,0.19186210895262057
GMM,PG,HMC,5,10,9,z[1],1,1.0
GMM,PG,HMC,5,10,9,z[2],1,1.0
GMM,PG,HMC,5,10,9,z[3],1,1.0
GMM,PG,HMC,5,10,9,z[4],1,2.0
GMM,PG,HMC,5,10,9,z[5],1,1.0
GMM,PG,HMC,5,10,9,z[6],1,1.0
GMM,PG,HMC,5,10,9,z[7],1,1.0
GMM,PG,HMC,5,10,9,z[8],1,1.0
GMM,PG,HMC,5,10,9,z[9],1,1.0
GMM,PG,HMC,5,10,9,z[10],1,1.0
GMM,PG,HMC,5,10,9,μ[1],1,-10.733236709965972
GMM,PG,HMC,5,10,9,μ[2],1,-2.40176388235888
GMM,PG,HMC,5,10,9,w[1],2,0.6546669855590959
GMM,PG,HMC,5,10,9,w[2],2,0.34533301444090414
GMM,PG,HMC,5,10,9,z[1],2,1.0
GMM,PG,HMC,5,10,9,z[2],2,2.0
GMM,PG,HMC,5,10,9,z[3],2,1.0
GMM,PG,HMC,5,10,9,z[4],2,1.0
GMM,PG,HMC,5,10,9,z[5],2,2.0
GMM,PG,HMC,5,10,9,z[6],2,1.0
GMM,PG,HMC,5,10,9,z[7],2,1.0
GMM,PG,HMC,5,10,9,z[8],2,2.0
GMM,PG,HMC,5,10,9,z[9],2,1.0
GMM,PG,HMC,5,10,9,z[10],2,1.0
GMM,PG,HMC,5,10,9,μ[1],2,-2.0168418219791375
GMM,PG,HMC,5,10,9,μ[2],2,-6.0391460592487425
GMM,PG,HMC,5,10,9,w[1],3,0.2852758102924337
GMM,PG,HMC,5,10,9,w[2],3,0.7147241897075662
GMM,PG,HMC,5,10,9,z[1],3,2.0
GMM,PG,HMC,5,10,9,z[2],3,1.0
GMM,PG,HMC,5,10,9,z[3],3,2.0
GMM,PG,HMC,5,10,9,z[4],3,2.0
GMM,PG,HMC,5,10,9,z[5],3,1.0
GMM,PG,HMC,5,10,9,z[6],3,1.0
GMM,PG,HMC,5,10,9,z[7],3,2.0
GMM,PG,HMC,5,10,9,z[8],3,2.0
GMM,PG,HMC,5,10,9,z[9],3,2.0
GMM,PG,HMC,5,10,9,z[10],3,2.0
GMM,PG,HMC,5,10,9,μ[1],3,-6.419762170271797
GMM,PG,HMC,5,10,9,μ[2],3,-6.337682196695318
GMM,PG,HMC,5,10,9,w[1],4,0.31308129399277207
GMM,PG,HMC,5,10,9,w[2],4,0.6869187060072279
GMM,PG,HMC,5,10,9,z[1],4,1.0
GMM,PG,HMC,5,10,9,z[2],4,2.0
GMM,PG,HMC,5,10,9,z[3],4,2.0
GMM,PG,HMC,5,10,9,z[4],4,2.0
GMM,PG,HMC,5,10,9,z[5],4,2.0
GMM,PG,HMC,5,10,9,z[6],4,2.0
GMM,PG,HMC,5,10,9,z[7],4,2.0
GMM,PG,HMC,5,10,9,z[8],4,2.0
GMM,PG,HMC,5,10,9,z[9],4,2.0
GMM,PG,HMC,5,10,9,z[10],4,2.0
GMM,PG,HMC,5,10,9,μ[1],4,-5.8272058182389515
GMM,PG,HMC,5,10,9,μ[2],4,-5.773279837578733
GMM,PG,HMC,5,10,9,w[1],5,0.448881171897063
GMM,PG,HMC,5,10,9,w[2],5,0.551118828102937
GMM,PG,HMC,5,10,9,z[1],5,2.0
GMM,PG,HMC,5,10,9,z[2],5,2.0
GMM,PG,HMC,5,10,9,z[3],5,2.0
GMM,PG,HMC,5,10,9,z[4],5,1.0
GMM,PG,HMC,5,10,9,z[5],5,2.0
GMM,PG,HMC,5,10,9,z[6],5,1.0
GMM,PG,HMC,5,10,9,z[7],5,2.0
GMM,PG,HMC,5,10,9,z[8],5,2.0
GMM,PG,HMC,5,10,9,z[9],5,2.0
GMM,PG,HMC,5,10,9,z[10],5,1.0
GMM,PG,HMC,5,10,9,μ[1],5,-6.06753232735627
GMM,PG,HMC,5,10,9,μ[2],5,-5.777798557422692
GMM,PG,HMC,5,10,9,w[1],6,0.681242088475494
GMM,PG,HMC,5,10,9,w[2],6,0.31875791152450605
GMM,PG,HMC,5,10,9,z[1],6,1.0
GMM,PG,HMC,5,10,9,z[2],6,1.0
GMM,PG,HMC,5,10,9,z[3],6,2.0
GMM,PG,HMC,5,10,9,z[4],6,1.0
GMM,PG,HMC,5,10,9,z[5],6,1.0
GMM,PG,HMC,5,10,9,z[6],6,1.0
GMM,PG,HMC,5,10,9,z[7],6,2.0
GMM,PG,HMC,5,10,9,z[8],6,1.0
GMM,PG,HMC,5,10,9,z[9],6,1.0
GMM,PG,HMC,5,10,9,z[10],6,1.0
GMM,PG,HMC,5,10,9,μ[1],6,-5.430346277309418
GMM,PG,HMC,5,10,9,μ[2],6,-6.4661261248541875
GMM,PG,HMC,5,10,9,w[1],7,0.3749382002648533
GMM,PG,HMC,5,10,9,w[2],7,0.6250617997351466
GMM,PG,HMC,5,10,9,z[1],7,2.0
GMM,PG,HMC,5,10,9,z[2],7,1.0
GMM,PG,HMC,5,10,9,z[3],7,2.0
GMM,PG,HMC,5,10,9,z[4],7,1.0
GMM,PG,HMC,5,10,9,z[5],7,1.0
GMM,PG,HMC,5,10,9,z[6],7,1.0
GMM,PG,HMC,5,10,9,z[7],7,2.0
GMM,PG,HMC,5,10,9,z[8],7,2.0
GMM,PG,HMC,5,10,9,z[9],7,2.0
GMM,PG,HMC,5,10,9,z[10],7,2.0
GMM,PG,HMC,5,10,9,μ[1],7,-5.022916405241623
GMM,PG,HMC,5,10,9,μ[2],7,-6.324656928532622
GMM,PG,HMC,5,10,9,w[1],8,0.2281390717980318
GMM,PG,HMC,5,10,9,w[2],8,0.7718609282019682
GMM,PG,HMC,5,10,9,z[1],8,2.0
GMM,PG,HMC,5,10,9,z[2],8,2.0
GMM,PG,HMC,5,10,9,z[3],8,1.0
GMM,PG,HMC,5,10,9,z[4],8,1.0
GMM,PG,HMC,5,10,9,z[5],8,1.0
GMM,PG,HMC,5,10,9,z[6],8,2.0
GMM,PG,HMC,5,10,9,z[7],8,2.0
GMM,PG,HMC,5,10,9,z[8],8,2.0
GMM,PG,HMC,5,10,9,z[9],8,2.0
GMM,PG,HMC,5,10,9,z[10],8,1.0
GMM,PG,HMC,5,10,9,μ[1],8,-5.899684926531445
GMM,PG,HMC,5,10,9,μ[2],8,-6.18405600937376
GMM,PG,HMC,5,10,9,w[1],9,0.318501651961105
GMM,PG,HMC,5,10,9,w[2],9,0.681498348038895
GMM,PG,HMC,5,10,9,z[1],9,2.0
GMM,PG,HMC,5,10,9,z[2],9,1.0
GMM,PG,HMC,5,10,9,z[3],9,2.0
GMM,PG,HMC,5,10,9,z[4],9,2.0
GMM,PG,HMC,5,10,9,z[5],9,2.0
GMM,PG,HMC,5,10,9,z[6],9,2.0
GMM,PG,HMC,5,10,9,z[7],9,2.0
GMM,PG,HMC,5,10,9,z[8],9,2.0
GMM,PG,HMC,5,10,9,z[9],9,2.0
GMM,PG,HMC,5,10,9,z[10],9,1.0
GMM,PG,HMC,5,10,9,μ[1],9,-6.93669005625148
GMM,PG,HMC,5,10,9,μ[2],9,-5.491807917455407
GMM,PG,HMC,5,10,9,w[1],10,0.44259486944306253
GMM,PG,HMC,5,10,9,w[2],10,0.5574051305569374
GMM,PG,HMC,5,10,9,z[1],10,2.0
GMM,PG,HMC,5,10,9,z[2],10,2.0
GMM,PG,HMC,5,10,9,z[3],10,1.0
GMM,PG,HMC,5,10,9,z[4],10,1.0
GMM,PG,HMC,5,10,9,z[5],10,2.0
GMM,PG,HMC,5,10,9,z[6],10,2.0
GMM,PG,HMC,5,10,9,z[7],10,2.0
GMM,PG,HMC,5,10,9,z[8],10,2.0
GMM,PG,HMC,5,10,9,z[9],10,2.0
GMM,PG,HMC,5,10,9,z[10],10,1.0
GMM,PG,HMC,5,10,9,μ[1],10,-6.17286645921862
GMM,PG,HMC,5,10,9,μ[2],10,-5.988240151056349
GMM,PG,HMC,5,10,10,w[1],1,0.6818585795061735
GMM,PG,HMC,5,10,10,w[2],1,0.31814142049382654
GMM,PG,HMC,5,10,10,z[1],1,2.0
GMM,PG,HMC,5,10,10,z[2],1,2.0
GMM,PG,HMC,5,10,10,z[3],1,2.0
GMM,PG,HMC,5,10,10,z[4],1,1.0
GMM,PG,HMC,5,10,10,z[5],1,1.0
GMM,PG,HMC,5,10,10,z[6],1,1.0
GMM,PG,HMC,5,10,10,z[7],1,2.0
GMM,PG,HMC,5,10,10,z[8],1,1.0
GMM,PG,HMC,5,10,10,z[9],1,1.0
GMM,PG,HMC,5,10,10,z[10],1,2.0
GMM,PG,HMC,5,10,10,μ[1],1,-8.89670431453009
GMM,PG,HMC,5,10,10,μ[2],1,-11.102075856435173
GMM,PG,HMC,5,10,10,w[1],2,0.8053269812306051
GMM,PG,HMC,5,10,10,w[2],2,0.1946730187693949
GMM,PG,HMC,5,10,10,z[1],2,1.0
GMM,PG,HMC,5,10,10,z[2],2,1.0
GMM,PG,HMC,5,10,10,z[3],2,2.0
GMM,PG,HMC,5,10,10,z[4],2,1.0
GMM,PG,HMC,5,10,10,z[5],2,1.0
GMM,PG,HMC,5,10,10,z[6],2,1.0
GMM,PG,HMC,5,10,10,z[7],2,1.0
GMM,PG,HMC,5,10,10,z[8],2,1.0
GMM,PG,HMC,5,10,10,z[9],2,1.0
GMM,PG,HMC,5,10,10,z[10],2,1.0
GMM,PG,HMC,5,10,10,μ[1],2,-3.0011501228712785
GMM,PG,HMC,5,10,10,μ[2],2,-9.209215268019534
GMM,PG,HMC,5,10,10,w[1],3,0.763525339802152
GMM,PG,HMC,5,10,10,w[2],3,0.23647466019784802
GMM,PG,HMC,5,10,10,z[1],3,1.0
GMM,PG,HMC,5,10,10,z[2],3,1.0
GMM,PG,HMC,5,10,10,z[3],3,1.0
GMM,PG,HMC,5,10,10,z[4],3,1.0
GMM,PG,HMC,5,10,10,z[5],3,1.0
GMM,PG,HMC,5,10,10,z[6],3,1.0
GMM,PG,HMC,5,10,10,z[7],3,2.0
GMM,PG,HMC,5,10,10,z[8],3,1.0
GMM,PG,HMC,5,10,10,z[9],3,1.0
GMM,PG,HMC,5,10,10,z[10],3,1.0
GMM,PG,HMC,5,10,10,μ[1],3,-8.709624607754005
GMM,PG,HMC,5,10,10,μ[2],3,-7.180390857862082
GMM,PG,HMC,5,10,10,w[1],4,0.413229438849864
GMM,PG,HMC,5,10,10,w[2],4,0.5867705611501359
GMM,PG,HMC,5,10,10,z[1],4,1.0
GMM,PG,HMC,5,10,10,z[2],4,2.0
GMM,PG,HMC,5,10,10,z[3],4,2.0
GMM,PG,HMC,5,10,10,z[4],4,1.0
GMM,PG,HMC,5,10,10,z[5],4,2.0
GMM,PG,HMC,5,10,10,z[6],4,2.0
GMM,PG,HMC,5,10,10,z[7],4,2.0
GMM,PG,HMC,5,10,10,z[8],4,2.0
GMM,PG,HMC,5,10,10,z[9],4,2.0
GMM,PG,HMC,5,10,10,z[10],4,1.0
GMM,PG,HMC,5,10,10,μ[1],4,-5.816851419165974
GMM,PG,HMC,5,10,10,μ[2],4,-5.136403254321304
GMM,PG,HMC,5,10,10,w[1],5,0.4785383921757582
GMM,PG,HMC,5,10,10,w[2],5,0.5214616078242418
GMM,PG,HMC,5,10,10,z[1],5,1.0
GMM,PG,HMC,5,10,10,z[2],5,1.0
GMM,PG,HMC,5,10,10,z[3],5,1.0
GMM,PG,HMC,5,10,10,z[4],5,1.0
GMM,PG,HMC,5,10,10,z[5],5,1.0
GMM,PG,HMC,5,10,10,z[6],5,2.0
GMM,PG,HMC,5,10,10,z[7],5,2.0
GMM,PG,HMC,5,10,10,z[8],5,1.0
GMM,PG,HMC,5,10,10,z[9],5,2.0
GMM,PG,HMC,5,10,10,z[10],5,1.0
GMM,PG,HMC,5,10,10,μ[1],5,-5.344623757015804
GMM,PG,HMC,5,10,10,μ[2],5,-7.354502029051396
GMM,PG,HMC,5,10,10,w[1],6,0.3935446662245042
GMM,PG,HMC,5,10,10,w[2],6,0.6064553337754959
GMM,PG,HMC,5,10,10,z[1],6,1.0
GMM,PG,HMC,5,10,10,z[2],6,2.0
GMM,PG,HMC,5,10,10,z[3],6,2.0
GMM,PG,HMC,5,10,10,z[4],6,1.0
GMM,PG,HMC,5,10,10,z[5],6,1.0
GMM,PG,HMC,5,10,10,z[6],6,2.0
GMM,PG,HMC,5,10,10,z[7],6,1.0
GMM,PG,HMC,5,10,10,z[8],6,1.0
GMM,PG,HMC,5,10,10,z[9],6,1.0
GMM,PG,HMC,5,10,10,z[10],6,1.0
GMM,PG,HMC,5,10,10,μ[1],6,-6.129893403770196
GMM,PG,HMC,5,10,10,μ[2],6,-5.584907938854711
GMM,PG,HMC,5,10,10,w[1],7,0.5369946363716193
GMM,PG,HMC,5,10,10,w[2],7,0.46300536362838074
GMM,PG,HMC,5,10,10,z[1],7,1.0
GMM,PG,HMC,5,10,10,z[2],7,2.0
GMM,PG,HMC,5,10,10,z[3],7,1.0
GMM,PG,HMC,5,10,10,z[4],7,1.0
GMM,PG,HMC,5,10,10,z[5],7,2.0
GMM,PG,HMC,5,10,10,z[6],7,2.0
GMM,PG,HMC,5,10,10,z[7],7,1.0
GMM,PG,HMC,5,10,10,z[8],7,2.0
GMM,PG,HMC,5,10,10,z[9],7,1.0
GMM,PG,HMC,5,10,10,z[10],7,1.0
GMM,PG,HMC,5,10,10,μ[1],7,-6.553039690030879
GMM,PG,HMC,5,10,10,μ[2],7,-5.831570611084431
GMM,PG,HMC,5,10,10,w[1],8,0.3413940167040964
GMM,PG,HMC,5,10,10,w[2],8,0.6586059832959036
GMM,PG,HMC,5,10,10,z[1],8,2.0
GMM,PG,HMC,5,10,10,z[2],8,2.0
GMM,PG,HMC,5,10,10,z[3],8,1.0
GMM,PG,HMC,5,10,10,z[4],8,1.0
GMM,PG,HMC,5,10,10,z[5],8,2.0
GMM,PG,HMC,5,10,10,z[6],8,1.0
GMM,PG,HMC,5,10,10,z[7],8,1.0
GMM,PG,HMC,5,10,10,z[8],8,1.0
GMM,PG,HMC,5,10,10,z[9],8,2.0
GMM,PG,HMC,5,10,10,z[10],8,2.0
GMM,PG,HMC,5,10,10,μ[1],8,-6.061561241281713
GMM,PG,HMC,5,10,10,μ[2],8,-5.583763078969058
GMM,PG,HMC,5,10,10,w[1],9,0.29355909471015557
GMM,PG,HMC,5,10,10,w[2],9,0.7064409052898444
GMM,PG,HMC,5,10,10,z[1],9,2.0
GMM,PG,HMC,5,10,10,z[2],9,2.0
GMM,PG,HMC,5,10,10,z[3],9,1.0
GMM,PG,HMC,5,10,10,z[4],9,2.0
GMM,PG,HMC,5,10,10,z[5],9,1.0
GMM,PG,HMC,5,10,10,z[6],9,2.0
GMM,PG,HMC,5,10,10,z[7],9,1.0
GMM,PG,HMC,5,10,10,z[8],9,2.0
GMM,PG,HMC,5,10,10,z[9],9,2.0
GMM,PG,HMC,5,10,10,z[10],9,2.0
GMM,PG,HMC,5,10,10,μ[1],9,-6.043352221346139
GMM,PG,HMC,5,10,10,μ[2],9,-6.37440763546987
GMM,PG,HMC,5,10,10,w[1],10,0.40298152789352704
GMM,PG,HMC,5,10,10,w[2],10,0.597018472106473
GMM,PG,HMC,5,10,10,z[1],10,1.0
GMM,PG,HMC,5,10,10,z[2],10,1.0
GMM,PG,HMC,5,10,10,z[3],10,2.0
GMM,PG,HMC,5,10,10,z[4],10,1.0
GMM,PG,HMC,5,10,10,z[5],10,2.0
GMM,PG,HMC,5,10,10,z[6],10,2.0
GMM,PG,HMC,5,10,10,z[7],10,2.0
GMM,PG,HMC,5,10,10,z[8],10,2.0
GMM,PG,HMC,5,10,10,z[9],10,2.0
GMM,PG,HMC,5,10,10,z[10],10,1.0
GMM,PG,HMC,5,10,10,μ[1],10,-5.864333244311919
GMM,PG,HMC,5,10,10,μ[2],10,-5.967756162799994